회사,표준산업분류,연혁,매출액,기업유형,평균연봉,홈페이지,고용보험 사업장 수,고용보험 가입 사원수,국민연금 가입 사원수,퇴사/입사 (1년)
아이빔테크놀로지,사진장비 및 광학기기 제조업,7년 (2017년 설립),-,주식회사,"5,055만원",-,1개,26명,36명,4명/8명
피앤에스미캐닉스,엔지니어링 서비스업,26년 (1998년 설립),-,기타 법인,"5,043만원",-,1개,18명,22명,11명/8명
산일전기,건물설비 설치 공사업,26년 (1998년 설립),"648억 3,274만원",기타 법인,"5,587만원",-,2개,220명,244명,41명/89명
엑셀세라퓨틱스,자연과학 연구개발업,9년 (2015년 설립),"19억 6,628만원",주식회사,"4,430만원",www.xcell.media,1개,55명,55명,30명/29명
시프트업,시스템ㆍ응용 소프트웨어 개발 및 공급업,11년 (2013년 설립),비공개,주식회사,비공개,https://www.shiftup.co.kr,1개,비공개,비공개,비공개
하스,식료품 소매업,2년 (2022년 설립),-,주식회사,-,-,1개,-,-,-
이노스페이스,공학 연구개발업,7년 (2017년 설립),1억 326만원,주식회사,"5,100만원",www.innospc.com,1개,104명,172명,10명/83명
에이치브이엠,가공 공작기계 제조업,12년 (2012년 설립),-,기타 법인,"4,799만원",-,1개,102명,109명,32명/41명
팡스카이,게임 소프트웨어 개발 및 공급업,12년 (2012년 설립),"209억 4,625만원",주식회사,"5,004만원",www.corp.panggame.com,1개,16명,29명,14명/19명
하이젠알앤엠,유압 기기 제조업,16년 (2008년 설립),"848억 2,288만원",주식회사,"5,602만원",-,2개,239명,213명,35명/32명
에스오에스랩,공학 연구개발업,8년 (2016년 설립),"11억 4,795만원",기타 법인,"5,742만원",-,2개,64명,87명,15명/36명
파라다이스,사행시설 관리 및 운영업,29년 (1995년 설립),-,기타 법인,"6,032만원",-,1개,648명,756명,162명/226명
한중엔시에스,자동차 차체용 신품 부품 제조업,29년 (1995년 설립),"892억 9,852만원",주식회사,"5,025만원",www.hjncs.com,2개,250명,242명,90명/97명
씨어스테크놀로지,방사선 장치 및 전기식 진단 기기 제조업,15년 (2009년 설립),"13억 8,612만원",주식회사,"5,494만원",https://seerstech.com,1개,60명,91명,13명/29명
라메디텍,방사선 장치 및 전기식 진단 기기 제조업,12년 (2012년 설립),"10억 2,866만원",주식회사,"4,325만원",-,1개,27명,60명,11명/31명
그리드위즈,"컴퓨터 시스템 통합 자문, 구축 및 관리업",11년 (2013년 설립),"428억 1,617만원",기타 법인,"5,500만원",-,1개,100명,109명,21명/25명
다원넥스뷰,방송 및 무선 통신장비 제조업,15년 (2009년 설립),"109억 9,107만원",주식회사,"5,463만원",www.nexview.co.kr,1개,57명,63명,11명/19명
노브랜드,기타 봉제의복 제조업,28년 (1996년 설립),"4,683억 2,153만원",기타 법인,"5,039만원",-,1개,368명,331명,149명/124명
아이씨티케이,회사본부,7년 (2017년 설립),-,주식회사,"5,901만원",www.ictk.com,1개,44명,56명,8명/22명
HD현대마린솔루션,엔지니어링 서비스업,8년 (2016년 설립),-,,-,-,1개,527명,,
코칩,일차전지 및 축전지 제조업,26년 (1998년 설립),"473억 1,353만원",기타 법인,"3,974만원",-,1개,78명,75명,34명/36명
민테크,직물제품 제조업,10년 (2014년 설립),-,주식회사,"4,076만원",-,1개,17명,23명,5명/7명
카티스,기타 전자 부품 제조업,18년 (2006년 설립),"214억 7,254만원",기타 법인,"5,571만원",-,2개,67명,85명,30명/35명
디앤디파마텍,자연과학 연구개발업,10년 (2014년 설립),"12억 7,955만원",기타 법인,"5,882만원",-,1개,30명,27명,2명/6명
제일엠앤에스,기타 일반 목적용 기계 제조업,29년 (1995년 설립),"823억 4,141만원",기타 법인,"5,181만원",-,2개,136명,306명,63명/126명
삐아,보육시설 운영업,7년 (2017년 설립),-,개인,"1,641만원",-,1개,8명,6명,3명/0명
아이엠비디엑스,"기술 시험, 검사 및 분석업",6년 (2018년 설립),"12억 9,923만원",주식회사,"5,382만원",www.imbdx.com,1개,61명,60명,15명/20명
엔젤로보틱스,공학 연구개발업,7년 (2017년 설립),"9억 1,700만원",주식회사,"5,317만원",www.angel-robotics.com/ko/,1개,62명,73명,31명/42명
제이투케이바이오,"세제, 화장품 및 광택제 제조업",8년 (2016년 설립),-,주식회사,"4,500만원",www.j2kbio.com,1개,31명,53명,8명/19명
삼현,전기 공급 및 제어장치 제조업,10년 (2014년 설립),-,기타 법인,"4,918만원",-,1개,6명,5명,2명/0명
오상헬스케어,방사선 장치 및 전기식 진단 기기 제조업,28년 (1996년 설립),"1,295억 9,292만원",주식회사,"6,398만원",www.osanghc.com,1개,330명,326명,42명/56명
케이엔알시스템,기타 일반 목적용 기계 제조업,24년 (2000년 설립),"263억 1,292만원",주식회사,"4,720만원",www.knrsys.com,2개,153명,158명,22명/26명
에이피알,"의약품, 의료용 기구, 화장품 및 방향제 소매업",10년 (2014년 설립),"2,288억 6,782만원",주식회사,"5,363만원",apr-in.com,1개,401명,502명,180명/286명
이에이트,시스템ㆍ응용 소프트웨어 개발 및 공급업,12년 (2012년 설립),"1억 9,759만원",주식회사,"3,971만원",e8ight.co.kr/,1개,88명,104명,23명/36명
코셈,그 외 기타 사업 지원 서비스업,14년 (2010년 설립),-,기타 법인,"5,852만원",-,1개,4명,5명,0명/0명
케이웨더,건물설비 설치 공사업,26년 (1998년 설립),"113억 3,915만원",주식회사,"3,556만원",kweather.co.kr,1개,1명,63명,24명/22명
사피엔반도체,공학 연구개발업,7년 (2017년 설립),"40억 3,012만원",주식회사,"7,192만원",www.sapien-semicon.com,1개,36명,44명,6명/15명
에스피소프트,시스템ㆍ응용 소프트웨어 개발 및 공급업,11년 (2013년 설립),"172억 7,725만원",주식회사,"5,243만원",www.spsoft.co.kr,1개,41명,43명,7명/8명
스튜디오삼익,"생활용 가구, 조명기구 및 비전기식 생활용기기 도매업",6년 (2018년 설립),-,기타 법인,"3,939만원",-,1개,2명,3명,1명/1명
폰드그룹,상품 중개업,1년 (2023년 설립),-,주식회사,-,www.pond-group.co.kr,1개,0명,-,-
레이저옵텍,기타 의료용 기기 제조업,24년 (2000년 설립),"186억 5,163만원",주식회사,"4,954만원",www.laseroptek.com,1개,60명,82명,16명/25명
이닉스,"다이오드, 트랜지스터 및 유사 반도체 소자 제조업",75년 (1949년 설립),"41조 5,573억 3,700만원",주식회사,"11,889만원",www.skhynix.com,1개,"32,218명","31,375명","1,809명/1,984명"
엘앤에프,비알코올 음료점업,7년 (2017년 설립),-,주식회사,-,hago.kr,9개,-,-,-
포스뱅크,컴퓨터 제조업,21년 (2003년 설립),"884억 8,706만원",주식회사,"4,815만원",www.posbank.com/,1개,100명,153명,17명/75명
현대힘스,선박 및 수상 부유 구조물 건조업,16년 (2008년 설립),"1,158억 8,344만원",주식회사,"5,864만원",www.hyms.kr,1개,117명,112명,12명/15명
드림인사이트,광고 대행업,12년 (2012년 설립),"122억 3,086만원",주식회사,"3,800만원",bydream.co.kr/,1개,103명,146명,29명/52명
우진엔텍,기타 기계 및 장비 도매업,1년 (2023년 설립),-,기타 법인,"3,308만원",-,1개,3명,4명,0명/0명
세븐브로이맥주,발효주 제조업,13년 (2011년 설립),"352억 1,128만원",주식회사,"7,378만원",sevenbrau.com,1개,26명,17명,12명/8명
한빛레이저,사진장비 및 광학기기 제조업,27년 (1997년 설립),-,주식회사,"4,665만원",www.hblaser.co.kr,1개,58명,67명,17명/22명
포스코DX,보육시설 운영업,13년 (2011년 설립),-,개인,"2,608만원",-,1개,10명,9명,6명/4명
씨싸이트,상품 중개업,25년 (1999년 설립),-,주식회사,"7,804만원",www.c-site.co.kr,1개,78명,58명,16명/5명
블루엠텍,"의약품, 의료용품 및 화장품 도매업",9년 (2015년 설립),"518억 7,954만원",주식회사,"3,834만원",www.bluemtec.com,1개,74명,90명,21명/37명
케이엔에스,광고 대행업,4년 (2020년 설립),-,기타 법인,"3,586만원",-,1개,1명,3명,1명/1명
와이바이오로직스,자연과학 연구개발업,17년 (2007년 설립),"48억 4,733만원",주식회사,"5,955만원",ybiologics.com,1개,53명,62명,5명/17명
에이텀,방송 및 무선 통신장비 제조업,8년 (2016년 설립),-,주식회사,"4,933만원",www.iatum.com/,1개,27명,25명,20명/14명
에이에스텍,기타 전자 부품 제조업,13년 (2011년 설립),-,기타 법인,"3,111만원",-,1개,6명,6명,1명/2명
그린리소스,그 외 기타 화학제품 제조업,13년 (2011년 설립),-,주식회사,"3,931만원",www.greenresource.kr,1개,38명,49명,24명/29명
제이엔비,"의약품, 의료용품 및 화장품 도매업",7년 (2017년 설립),"225억 3,609만원",주식회사,"4,659만원",-,1개,23명,36명,6명/9명
한선엔지니어링,"펌프 및 압축기 제조업; 탭, 밸브 및 유사 장치 제조 포함",12년 (2012년 설립),-,주식회사,"3,792만원",www.slok.co.kr,1개,149명,165명,37명/28명
동인기연,그 외 기타 사업 지원 서비스업,32년 (1992년 설립),"1,666억 2,313만원",주식회사,"6,030만원",www.dong-in.com/,1개,92명,120명,24명/35명
에코아이,엔지니어링 서비스업,19년 (2005년 설립),"269억 9,423만원",주식회사,"7,579만원",www.ecoeye.com,1개,31명,36명,12명/10명
스톰테크,가공 공작기계 제조업,9년 (2015년 설립),-,기타 법인,"5,766만원",-,1개,9명,7명,0명/0명
에코프로머티,기초 유기화학 물질 제조업,7년 (2017년 설립),"6,652억 4,827만원",주식회사,"5,045만원",ecopromaterials.com/,1개,346명,626명,118명/182명
캡스톤파트너스,경영 컨설팅 및 공공 관계 서비스업,16년 (2008년 설립),-,주식회사,"13,085만원",cspartners.co.kr,1개,15명,20명,9명/9명
프로젠,기초 의약 물질 및 생물학적 제제 제조업,24년 (2000년 설립),"81억 5,318만원",주식회사,"3,716만원",www.aprogen.com,1개,210명,313명,82명/105명
에스와이스틸텍,회사본부,7년 (2017년 설립),-,기타 법인,"5,586만원",-,1개,34명,37명,1명/4명
에이직랜드,엔지니어링 서비스업,8년 (2016년 설립),"453억 7,741만원",주식회사,"6,524만원",www.asicland.com,1개,114명,212명,18명/110명
메가터치,인쇄회로기판 및 전자부품 실장기판 제조업,14년 (2010년 설립),"394억 5,060만원",주식회사,"3,739만원",www.megatouch.co.kr/,1개,216명,215명,41명/43명
비아이매트릭스,시스템ㆍ응용 소프트웨어 개발 및 공급업,19년 (2005년 설립),206억 841만원,주식회사,"7,090만원",www.bimatrix.co.kr,1개,174명,201명,20명/51명
컨텍,광고 대행업,3년 (2021년 설립),-,주식회사,"3,381만원",-,1개,20명,24명,13명/24명
큐로셀,자연과학 연구개발업,8년 (2016년 설립),-,주식회사,"4,963만원",curocellbtx.com,1개,89명,113명,17명/35명
쏘닉스,기타 전자 부품 제조업,24년 (2000년 설립),"219억 7,676만원",주식회사,"5,860만원",www.sawnics.com,1개,78명,85명,11명/22명
세니젠,그 외 기타 가정용품 소매업,19년 (2005년 설립),"252억 2,118만원",주식회사,"5,349만원",sanigen.kr,1개,95명,94명,19명/18명
유진테크놀로지,기타 특수 목적용 기계 제조업,14년 (2010년 설립),-,주식회사,"4,947만원",www.yujintechnology.com/,1개,125명,120명,43명/39명
유투바이오,자연과학 연구개발업,15년 (2009년 설립),"690억 1,313만원",주식회사,"4,776만원",www.u2bio.com,1개,95명,103명,12명/25명
퀄리타스반도체,엔지니어링 서비스업,7년 (2017년 설립),비공개,주식회사,비공개,https://qualitas.recruiter.co.kr/appsite/company/index,1개,148명,184명,8명/39명
미쥬,겉옷 제조업,11년 (2013년 설립),-,주식회사,"3,889만원",lenic.co.kr,1개,40명,79명,25명/42명
워트,그 외 기타 정보 서비스업,9년 (2015년 설립),"24억 2,806만원",주식회사,"5,038만원",-,1개,22명,46명,17명/25명
에스엘에스바이오,"기술 시험, 검사 및 분석업",17년 (2007년 설립),"107억 5,190만원",주식회사,"4,511만원",www.slabs.co.kr,1개,57명,60명,36명/39명
신성에스티,구조용 금속제품 제조업,7년 (2017년 설립),-,기타 법인,"2,992만원",-,1개,10명,9명,3명/0명
퓨릿,기초 유기화학 물질 제조업,14년 (2010년 설립),-,주식회사,"5,333만원",purit.co.kr,1개,93명,104명,7명/17명
바이오텐,동물용 사료 및 조제식품 제조업,14년 (2010년 설립),107억 600만원,주식회사,"4,122만원",www.bioten.co.kr,1개,13명,24명,8명/15명
아이엠티,"측정, 시험, 항해, 제어 및 기타 정밀 기기 제조업",21년 (2003년 설립),-,,-,-,1개,17명,,
레뷰코퍼레이션,광고 대행업,10년 (2014년 설립),"228억 1,845만원",주식회사,"4,814만원",corp.revu.net,1개,269명,268명,65명/54명
두산로보틱스,산업용 로봇 제조업,9년 (2015년 설립),"369억 8,022만원",주식회사,"7,728만원",www.doosanrobotics.com,1개,203명,211명,55명/64명
한싹,시스템ㆍ응용 소프트웨어 개발 및 공급업,24년 (2000년 설립),"180억 5,543만원",주식회사,"5,856만원",www.hanssak.co.kr,1개,86명,122명,11명/40명
밀리의서재,그 외 기타 정보 서비스업,8년 (2016년 설립),"288억 5,698만원",주식회사,"5,507만원",www.millie.co.kr/v3/brand/update,2개,150명,170명,56명/79명
인스웨이브시스템즈,시스템ㆍ응용 소프트웨어 개발 및 공급업,22년 (2002년 설립),315억 610만원,주식회사,"5,614만원",www.inswave.com,1개,0명,164명,20명/37명
우듬지팜,산업용 농ㆍ축산물 및 동ㆍ식물 도매업,13년 (2011년 설립),-,주식회사,"3,040만원",www.wdgfarm.com,1개,48명,58명,33명/43명
코어라인소프트,시스템ㆍ응용 소프트웨어 개발 및 공급업,12년 (2012년 설립),"21억 5,069만원",주식회사,"10,726만원",www.corelinesoft.com,1개,94명,101명,20명/28명
STX그린로지스,-,1년 (2023년 설립),-,주식회사,-,www.stxgreenlogis.co.kr/,1개,8명,-,-
율촌,포장용 플라스틱제품 제조업,51년 (1973년 설립),-,주식회사,-,www.youlchon.com,1개,76명,-,-
크라우드웍스,시스템ㆍ응용 소프트웨어 개발 및 공급업,7년 (2017년 설립),"84억 9,281만원",주식회사,"5,073만원",www.crowdworks.kr,1개,169명,180명,237명/223명
한국피아이엠,자동차용 기타 신품 부품 제조업,23년 (2001년 설립),-,주식회사,"5,361만원",www.pimkorea.com,1개,99명,82명,18명/21명
시큐레터,시스템ㆍ응용 소프트웨어 개발 및 공급업,9년 (2015년 설립),"19억 1,884만원",주식회사,"5,389만원",www.seculetter.com/,1개,50명,43명,19명/6명
스마트레이더시스템,공학 연구개발업,7년 (2017년 설립),"34억 8,535만원",주식회사,"7,004만원",www.smartradarsystem.com,1개,59명,56명,19명/13명
넥스틸,"냉ㆍ난방장치 및 철물, 수공구 도매업",14년 (2010년 설립),-,기타 법인,"5,852만원",-,1개,1명,3명,0명/1명
코츠테크놀로지,"컴퓨터 시스템 통합 자문, 구축 및 관리업",25년 (1999년 설립),"318억 9,897만원",주식회사,"4,893만원",www.cotstech.com/,1개,149명,145명,29명/29명
큐리옥스바이오시스템즈,자연과학 연구개발업,6년 (2018년 설립),-,주식회사,"5,191만원",curiox.co.kr/,1개,21명,25명,5명/7명
NICE평가정보,"컴퓨터 시스템 통합 자문, 구축 및 관리업",39년 (1985년 설립),"4,229억 6,807만원",주식회사,"10,119만원",www.niceinfo.co.kr,1개,789명,747명,210명/174명
파두,공학 연구개발업,9년 (2015년 설립),"51억 5,681만원",주식회사,"17,792만원",www.fadu.io/,1개,236명,275명,46명/78명
엠아이큐브솔루션,시스템ㆍ응용 소프트웨어 개발 및 공급업,19년 (2005년 설립),"170억 3,966만원",주식회사,"4,661만원",www.micube.co.kr,1개,182명,244명,51명/88명
시지트로닉스,"다이오드, 트랜지스터 및 유사 반도체 소자 제조업",16년 (2008년 설립),-,주식회사,"3,512만원",sigetronics.com,1개,74명,78명,16명/21명
에피바이오텍,자연과학 연구개발업,9년 (2015년 설립),"4억 4,900만원",주식회사,"3,979만원",epibiotech.com/,1개,29명,14명,21명/7명
조선내화,일반 건축자재 도매업,77년 (1947년 설립),"4,394억 3,676만원",주식회사,"6,417만원",www.chosunref.co.kr,2개,96명,28명,224명/20명
에이엘티,그 외 기타 사업 지원 서비스업,6년 (2018년 설립),-,기타 법인,"2,789만원",-,1개,2명,4명,0명/0명
파로스아이바이오,컴퓨터 프로그래밍 서비스업,8년 (2016년 설립),-,주식회사,"5,593만원",www.pharosibio.com/,1개,21명,35명,9명/12명
길교이앤씨,구조용 금속제품 제조업,20년 (2004년 설립),"153억 7,409만원",주식회사,"6,525만원",길교.com,3개,42명,34명,10명/13명
버넥트,그 외 기타 정보 서비스업,8년 (2016년 설립),"45억 4,103만원",주식회사,"7,514만원",www.virnect.com,1개,170명,132명,32명/41명
뷰티스킨,"세제, 화장품 및 광택제 제조업",13년 (2011년 설립),"411억 6,370만원",주식회사,"3,162만원",beautyskincorp.co.kr/,1개,132명,119명,42명/43명
와이랩,서적 출판업,14년 (2010년 설립),"210억 5,271만원",주식회사,"5,381만원",ylabcomics.com,1개,0명,119명,42명/40명
센서뷰,"측정, 시험, 항해, 제어 및 기타 정밀 기기 제조업",31년 (1993년 설립),327억 887만원,주식회사,비공개,www.tescomwireless.com,1개,156명,146명,27명/16명
아이엠지티,자연과학 연구개발업,14년 (2010년 설립),1억 233만원,주식회사,"6,910만원",www.imgt.co.kr/,1개,31명,31명,8명/6명
필에너지,가공 공작기계 제조업,4년 (2020년 설립),"1,651억 5,196만원",주식회사,"4,577만원",philenergy.co.kr,1개,246명,303명,43명/93명
이노시뮬레이션,엔지니어링 서비스업,24년 (2000년 설립),"138억 6,745만원",주식회사,"5,557만원",www.innosim.com,1개,81명,96명,26명/32명
이브이파킹서비스,기타 산업용 기계 및 장비 임대업,3년 (2021년 설립),89억 230만원,주식회사,"5,141만원",evps.co.kr/,1개,16명,10명,27명/21명
알멕,자동차용 기타 신품 부품 제조업,3년 (2021년 설립),-,기타 법인,"5,297만원",-,1개,35명,29명,11명/6명
오픈놀,게임 소프트웨어 개발 및 공급업,12년 (2012년 설립),"108억 6,642만원",주식회사,"3,270만원",openknowl.com,1개,105명,143명,72명/85명
시큐센,시스템ㆍ응용 소프트웨어 개발 및 공급업,13년 (2011년 설립),"395억 1,600만원",주식회사,"5,617만원",www.secucen.com/,1개,60명,80명,21명/21명
가이아코퍼레이션,"게임용구, 인형 및 장난감 소매업",14년 (2010년 설립),-,주식회사,"3,293만원",gaiabiz.co.kr/,1개,86명,99명,38명/48명
비에이치,시스템ㆍ응용 소프트웨어 개발 및 공급업,4년 (2020년 설립),-,주식회사,"5,932만원",-,1개,24명,57명,13명/38명
동국씨엠,유리 및 창호 공사업,1년 (2023년 설립),-,주식회사,-,www.dongkukcm.com,2개,144명,-,-
동국제강,"철강 압연, 압출 및 연신제품 제조업",17년 (2007년 설립),-,기타 법인,"6,032만원",-,1개,258명,407명,29명/182명
프로티아,자연과학 연구개발업,24년 (2000년 설립),"76억 4,400만원",주식회사,"3,307만원",www.protia.co.kr,1개,83명,80명,13명/15명
큐라티스,자연과학 연구개발업,8년 (2016년 설립),84억 944만원,주식회사,"4,879만원",quratis.com,2개,95명,69명,34명/34명
마녀공장,"의약품, 의료용 기구, 화장품 및 방향제 소매업",12년 (2012년 설립),"626억 2,041만원",주식회사,"5,611만원",www.manyo.co.kr,1개,82명,97명,24명/30명
나라셀라,음료 및 담배 도매업,34년 (1990년 설립),"889억 4,326만원",주식회사,"4,568만원",www.naracellar.com/,1개,238명,244명,229명/254명
진영,절연선 및 케이블 제조업,24년 (2000년 설립),-,주식회사,"5,110만원",-,1개,43명,26명,12명/7명
이수스페셜티케미컬,기초 유기화학 물질 제조업,1년 (2023년 설립),-,주식회사,"6,032만원",www.isuspecialtychemical.com,1개,186명,246명,11명/67명
OCI,,,,,,,,,,
기가비스,"측정, 시험, 항해, 제어 및 기타 정밀 기기 제조업",20년 (2004년 설립),"439억 7,315만원",주식회사,"8,310만원",www.gigavis.com,1개,97명,122명,9명/22명
팸텍,기타 건축자재 도매업,21년 (2003년 설립),-,기타 법인,"5,852만원",-,1개,5명,5명,0명/0명
모니터랩,시스템ㆍ응용 소프트웨어 개발 및 공급업,19년 (2005년 설립),"120억 1,400만원",주식회사,"4,882만원",www.monitorapp.com,1개,93명,97명,21명/28명
씨유박스,통신 공사업,14년 (2010년 설립),168억 702만원,주식회사,"5,691만원",http://www.cubox.ai,2개,119명,132명,45명/53명
큐라켐,자연과학 연구개발업,15년 (2009년 설립),"68억 8,443만원",주식회사,"5,086만원",www.curachem.com,1개,30명,29명,4명/3명
트루엔,"텔레비전, 비디오 및 기타 영상 기기 제조업",19년 (2005년 설립),"359억 8,031만원",주식회사,"6,499만원",truen.co.kr,1개,95명,104명,30명/39명
삼미금속,"금속류 해체, 선별 및 원료 재생업",1년 (2023년 설립),-,기타 법인,"4,905만원",-,1개,4명,4명,1명/1명
에스바이오메딕스,자연과학 연구개발업,21년 (2003년 설립),"1억 5,422만원",주식회사,"4,970만원",www.sbiomedics.com/,1개,55명,56명,7명/5명
슈어소프트테크,시스템ㆍ응용 소프트웨어 개발 및 공급업,22년 (2002년 설립),332억 256만원,주식회사,"5,082만원",www.suresofttech.com/,1개,382명,431명,86명/152명
토마토시스템,시스템ㆍ응용 소프트웨어 개발 및 공급업,24년 (2000년 설립),"228억 5,612만원",주식회사,"4,515만원",tomatosystem.co.kr/,1개,216명,218명,30명/51명
마이크로투나노,유선 통신장비 제조업,24년 (2000년 설립),-,주식회사,"5,224만원",micro2nano.com,1개,127명,130명,25명/24명
셀바이오휴먼텍,그 외 기타 섬유제품 제조업,9년 (2015년 설립),-,주식회사,"5,693만원",cellbiohumantech.co.kr/,1개,65명,58명,18명/12명
노보믹스,"의약품, 의료용품 및 화장품 도매업",14년 (2010년 설립),-,주식회사,"5,895만원",novomics.com/,1개,28명,18명,11명/3명
현대그린푸드,대형 종합 소매업,56년 (1968년 설립),-,주식회사,"4,037만원",https://www.hyundaigfholdings.co.kr/web/html/ko/CI,1개,"1,181명",91명,38명/103명
한화갤러리아,대형 종합 소매업,45년 (1979년 설립),-,주식회사,"4,976만원",www.timeworld.co.kr,1개,231명,221명,16명/9명
지아이이노베이션,자연과학 연구개발업,7년 (2017년 설립),56억원,주식회사,"8,929만원",www.gi-innovation.com/kr/,1개,73명,82명,14명/11명
엑스게이트,시스템ㆍ응용 소프트웨어 개발 및 공급업,14년 (2010년 설립),"382억 9,925만원",주식회사,"6,832만원",www.axgate.com,1개,134명,145명,19명/30명
금양그린파워,건설장비 운영업,31년 (1993년 설립),-,주식회사,"3,225만원",www.kygp.co.kr,2개,613명,103명,128명/92명
라온텍,기타 정보 기술 및 컴퓨터 운영 관련 서비스업,9년 (2015년 설립),-,기타 법인,"3,436만원",-,1개,1명,3명,0명/0명
자람테크놀로지,재생용 재료 및 기타 상품 전문 도매업,24년 (2000년 설립),"161억 1,800만원",주식회사,"5,948만원",zaram.com,1개,43명,62명,12명/21명
나노팀,그 외 기타 화학제품 제조업,8년 (2016년 설립),"384억 5,661만원",주식회사,"4,095만원",www.nanotim.co.kr,1개,91명,102명,31명/30명
바이오인프라,자연과학 연구개발업,17년 (2007년 설립),"354억 2,736만원",주식회사,"5,203만원",bioinfrakorea.co.kr,1개,113명,132명,39명/64명
이노진,"의약품, 의료용품 및 화장품 도매업",19년 (2005년 설립),"93억 8,501만원",주식회사,"3,520만원",www.innogene.com/,1개,41명,47명,14명/13명
화인써키트,인쇄회로기판 및 전자부품 실장기판 제조업,33년 (1991년 설립),-,주식회사,"3,596만원",finecircuit.co.kr/,1개,112명,106명,41명/47명
샌즈랩,시스템ㆍ응용 소프트웨어 개발 및 공급업,20년 (2004년 설립),"92억 9,900만원",주식회사,"3,171만원",www.sandslab.io,1개,34명,44명,20명/29명
꿈비,"인형, 장난감 및 오락용품 제조업",10년 (2014년 설립),"208억 5,082만원",주식회사,"3,957만원",ggumbi.com/,1개,73명,82명,23명/28명
스튜디오미르,"영화, 비디오물 및 방송 프로그램 제작업",14년 (2010년 설립),"143억 8,961만원",주식회사,"5,170만원",www.studiomir.co.kr/,1개,193명,135명,99명/40명
삼기이브이,자동차 차체용 신품 부품 제조업,4년 (2020년 설립),-,주식회사,"5,932만원",ev.samkee.com,3개,70명,58명,20명/28명
오브젠,시스템ㆍ응용 소프트웨어 개발 및 공급업,24년 (2000년 설립),"259억 3,338만원",주식회사,"6,946만원",obzen.com,1개,178명,157명,35명/16명
미래반도체,상품 종합 도매업,28년 (1996년 설립),"3,280억 4,644만원",주식회사,"6,711만원",www.miraisemi.co.kr/,1개,30명,31명,7명/6명
지슨,시스템ㆍ응용 소프트웨어 개발 및 공급업,24년 (2000년 설립),"137억 6,186만원",주식회사,"5,516만원",www.gitsn.com,2개,85명,94명,14명/31명
태양3C,절연선 및 케이블 제조업,36년 (1988년 설립),"626억 5,200만원",주식회사,"3,695만원",www.tae-yang.co.kr/,1개,158명,157명,20명/30명
티이엠씨,기초 무기화학 물질 제조업,4년 (2020년 설립),-,기타 법인,"5,852만원",-,1개,6명,8명,0명/0명
한주라이트메탈,자동차 차체용 신품 부품 제조업,37년 (1987년 설립),-,주식회사,"6,347만원",www.hanjoolightmetal.com,1개,315명,300명,42명/39명
옵티코어,방송 및 무선 통신장비 제조업,8년 (2016년 설립),"241억 9,858만원",주식회사,"6,443만원",www.opticore.co.kr/,1개,9명,51명,16명/12명
아이오바이오,기타 의료용 기기 제조업,13년 (2011년 설립),"11억 9,100만원",주식회사,"4,266만원",www.aiobio.co.kr/,1개,33명,46명,11명/25명
타이드,시스템ㆍ응용 소프트웨어 개발 및 공급업,1년 (2023년 설립),-,주식회사,"3,969만원",-,1개,1명,8명,2명/4명
신스틸,"금속 열처리, 도금 및 기타 금속 가공업",16년 (2008년 설립),-,주식회사,"4,868만원",www.shin-steel.com,1개,42명,54명,11명/17명
지에프씨생명과학,"세제, 화장품 및 광택제 제조업",4년 (2020년 설립),-,주식회사,"4,556만원",-,1개,11명,12명,3명/4명
카이바이오텍,자연과학 연구개발업,12년 (2012년 설립),"44억 8,400만원",주식회사,"3,623만원",www.kaibiotech.com/,1개,11명,12명,3명/2명
바이오노트,-,21년 (2003년 설립),"6,200억 4,606만원",주식회사,"5,989만원",www.bionote.co.kr,1개,323명,305명,55명/38명
마이크로엔엑스,기타 의료용 기기 제조업,23년 (2001년 설립),-,주식회사,"3,395만원",www.micronx.co.kr,1개,72명,54명,13명/11명
애니메디솔루션,자연과학 연구개발업,8년 (2016년 설립),"6억 5,539만원",주식회사,"4,273만원",www.anymedi.com/,1개,52명,30명,35명/14명
핑거스토리,그 외 기타 정보 서비스업,6년 (2018년 설립),-,주식회사,"5,053만원",www.mootoon.co.kr,1개,11명,19명,0명/1명
아하,건물설비 설치 공사업,6년 (2018년 설립),"17억 8,928만원",기타 법인,"5,034만원",https://www.ahha.ai,2개,40명,43명,15명/16명
에이아이더뉴트리진,시스템ㆍ응용 소프트웨어 개발 및 공급업,4년 (2020년 설립),-,기타 법인,"4,606만원",-,1개,49명,58명,23명/26명
유니드비티플러스,"박판, 합판 및 강화 목제품 제조업",2년 (2022년 설립),-,기타 법인,"6,032만원",-,1개,163명,109명,5명/3명
펨트론,"측정, 시험, 항해, 제어 및 기타 정밀 기기 제조업",22년 (2002년 설립),"577억 3,650만원",주식회사,"5,273만원",www.pemtron.com,2개,184명,218명,29명/48명
인벤티지랩,공학 연구개발업,9년 (2015년 설립),"37억 2,368만원",주식회사,"5,360만원",www.inventagelab.com,1개,64명,72명,20명/21명
엔젯,"컴퓨터 시스템 통합 자문, 구축 및 관리업",3년 (2021년 설립),-,기타 법인,"5,852만원",-,1개,12명,24명,4명/8명
유비온,그 외 기타 정보 서비스업,24년 (2000년 설립),"318억 3,183만원",주식회사,"4,581만원",www.ubion.co.kr,1개,168명,170명,46명/58명
티쓰리,시스템ㆍ응용 소프트웨어 개발 및 공급업,17년 (2007년 설립),"150억 7,298만원",기타 법인,"4,368만원",-,1개,84명,78명,43명/19명
티에프이,반도체 및 디스플레이 제조용 기계 제조업,21년 (2003년 설립),"664억 2,140만원",주식회사,"4,660만원",www.tfe.co.kr,1개,148명,224명,40명/80명
윤성에프앤씨,기타 일반 목적용 기계 제조업,25년 (1999년 설립),"2,102억 7,558만원",주식회사,"5,593만원",www.ysfc.co.kr,2개,302명,308명,82명/108명
디티앤씨알오,그 외 기타 사업 지원 서비스업,7년 (2017년 설립),440억 800만원,주식회사,"3,531만원",www.dtncro.com,1개,270명,322명,86명/156명
뉴로메카,시스템ㆍ응용 소프트웨어 개발 및 공급업,11년 (2013년 설립),"73억 3,308만원",주식회사,"4,591만원",www.neuromeka.com,1개,111명,169명,47명/109명
제이아이테크,"가전제품, 통신장비 및 부품 도매업",4년 (2020년 설립),-,,-,-,1개,3명,,
LX세미콘,시스템ㆍ응용 소프트웨어 개발 및 공급업,25년 (1999년 설립),"1조 8,988억 4,571만원",주식회사,"8,800만원",www.lxsemicon.com,1개,"1,592명","1,485명",234명/146명
큐알티,"다이오드, 트랜지스터 및 유사 반도체 소자 제조업",10년 (2014년 설립),"704억 8,899만원",주식회사,"7,281만원",qrtkr.com,1개,145명,165명,24명/43명
저스템,반도체 및 디스플레이 제조용 기계 제조업,8년 (2016년 설립),"448억 2,669만원",주식회사,"6,381만원",www.justem.co.kr,1개,102명,107명,27명/35명
산돌,시스템ㆍ응용 소프트웨어 개발 및 공급업,2년 (2022년 설립),-,,"3,507만원",-,1개,1명,,
탈로스,시스템ㆍ응용 소프트웨어 개발 및 공급업,3년 (2021년 설립),-,주식회사,"2,947만원",-,1개,4명,6명,5명/5명
플라즈맵,기타 의료용 기기 제조업,9년 (2015년 설립),"63억 4,854만원",주식회사,"5,246만원",plasmapp.com/,2개,186명,99명,75명/32명
핀텔,시스템ㆍ응용 소프트웨어 개발 및 공급업,9년 (2015년 설립),"87억 6,525만원",주식회사,"5,617만원",www.pintel.co.kr/html/index/,2개,52명,52명,30명/42명
샤페론,자연과학 연구개발업,16년 (2008년 설립),-,주식회사,"7,514만원",shaperon.com,1개,37명,51명,16명/28명
비스토스,방사선 장치 및 전기식 진단 기기 제조업,23년 (2001년 설립),"205억 2,237만원",주식회사,"3,853만원",www.bistos.co.kr/korean,1개,77명,67명,46명/29명
탑머티리얼,"비철금속 제련, 정련 및 합금 제조업",15년 (2009년 설립),-,기타 법인,"4,489만원",-,1개,12명,11명,2명/0명
에스비비테크,"측정, 시험, 항해, 제어 및 기타 정밀 기기 제조업",24년 (2000년 설립),"74억 6,984만원",주식회사,"4,837만원",www.sbb.co.kr/,1개,80명,83명,16명/18명
오에스피,기타 플라스틱 제품 제조업,20년 (2004년 설립),-,기타 법인,"3,310만원",-,1개,22명,22명,6명/6명
모델솔루션,그 외 기타 분류 안된 제품 제조업,19년 (2005년 설립),"600억 7,887만원",주식회사,"5,845만원",www.model-solution.com,1개,316명,317명,39명/36명
이노룰스,시스템ㆍ응용 소프트웨어 개발 및 공급업,17년 (2007년 설립),"159억 7,968만원",주식회사,"7,857만원",innorules.com,1개,0명,121명,11명/36명
파인엠텍,그 외 기타 금속 가공제품 제조업,2년 (2022년 설립),-,주식회사,"5,744만원",www.finemtec.com,1개,120명,127명,28명/24명
선바이오,동물용 사료 및 조제식품 제조업,18년 (2006년 설립),-,주식회사,"4,153만원",-,1개,8명,4명,1명/1명
더블유씨피,부동산 개발 및 공급업,8년 (2016년 설립),-,,"1,885만원",-,1개,12명,,
알피바이오,-,8년 (2016년 설립),"1,149억 6,399만원",주식회사,"3,807만원",rpskorea.com,1개,597명,428명,238명/156명
티엘엔지니어링,건축 및 조경 설계 서비스업,16년 (2008년 설립),-,기타 법인,"2,830만원",-,1개,49명,19명,19명/13명
오픈엣지테크놀로지,엔지니어링 서비스업,7년 (2017년 설립),"51억 8,586만원",주식회사,"10,864만원",www.openedges.com,1개,68명,95명,19명/28명
대성하이텍,"카펫, 마루덮개 및 유사 제품 제조업",0년 (2024년 설립),-,기타 법인,"1,736만원",-,1개,1명,3명,1명/1명
쏘카,자동차 임대업,13년 (2011년 설립),"2,849억 5,380만원",주식회사,"5,833만원",www.socarcorp.kr,1개,432명,444명,119명/140명
에이치와이티씨,기타 특수 목적용 기계 제조업,19년 (2005년 설립),"327억 2,197만원",주식회사,"3,929만원",www.hyseoul.com,1개,118명,125명,34명/34명
새빗켐,기초 무기화학 물질 제조업,6년 (2018년 설립),-,기타 법인,"5,000만원",-,1개,26명,44명,20명/24명
수산인더스트리,-,41년 (1983년 설립),"2,022억 2,077만원",주식회사,"6,349만원",www.soosanind.co.kr,1개,"1,169명","1,041명",128명/138명
아이씨에이치,"금속 열처리, 도금 및 기타 금속 가공업",12년 (2012년 설립),-,주식회사,"5,034만원",www.ch-ich.com,2개,60명,77명,28명/23명
성일하이텍,그 외 기타 화학제품 제조업,7년 (2017년 설립),"1,384억 8,697만원",주식회사,"6,865만원",www.sungeelht.com/,1개,479명,453명,149명/148명
에이프릴바이오,자연과학 연구개발업,11년 (2013년 설립),-,주식회사,"8,011만원",www.aprilbio.com/,1개,28명,24명,5명/5명
퓨쳐메디신,자연과학 연구개발업,9년 (2015년 설립),-,주식회사,"4,314만원",www.futuremedicine.co.kr/,1개,16명,15명,8명/5명
벨로크,"컴퓨터 시스템 통합 자문, 구축 및 관리업",2년 (2022년 설립),-,주식회사,"4,921만원",www.bellock.co.kr,1개,75명,94명,14명/33명
루닛,시스템ㆍ응용 소프트웨어 개발 및 공급업,11년 (2013년 설립),"66억 3,899만원",주식회사,"8,314만원",www.lunit.io,1개,287명,305명,61명/117명
바스칸바이오제약,기초 의약 물질 및 생물학적 제제 제조업,38년 (1986년 설립),"267억 9,764만원",주식회사,"4,048만원",www.baskhanbio.com,1개,112명,97명,24명/15명
와이씨켐,"세제, 화장품 및 광택제 제조업",23년 (2001년 설립),-,주식회사,"5,455만원",www.ycchem.co.kr/,1개,168명,148명,18명/21명
코난테크놀로지,시스템ㆍ응용 소프트웨어 개발 및 공급업,25년 (1999년 설립),"178억 4,909만원",주식회사,"6,953만원",konantech.com,1개,179명,266명,72명/85명
넥스트칩,공학 연구개발업,5년 (2019년 설립),"128억 6,916만원",주식회사,"6,098만원",www.nextchip.com/,1개,167명,171명,34명/45명
레이저쎌,방송 및 무선 통신장비 제조업,9년 (2015년 설립),-,주식회사,"5,932만원",www.laserssel.com,1개,51명,59명,9명/19명
보로노이,자연과학 연구개발업,9년 (2015년 설립),"147억 7,391만원",주식회사,"8,350만원",voronoi.io,1개,72명,121명,28명/29명
위니아에이드,회사본부,9년 (2015년 설립),"4,864억 5,466만원",주식회사,"5,248만원",www.winiaaid.com,1개,451명,445명,89명/66명
비큐AI,,,,,,,,,,
범한퓨얼셀,전기 공사업,5년 (2019년 설립),"506억 6,122만원",주식회사,"6,110만원",-,1개,1명,91명,11명/12명
코나솔,기타 일반 목적용 기계 제조업,27년 (1997년 설립),"220억 7,675만원",주식회사,"5,219만원",www.millroll.com,2개,84명,79명,30명/39명
청담글로벌,"의약품, 의료용 기구, 화장품 및 방향제 소매업",7년 (2017년 설립),"1,355억 4,800만원",주식회사,"5,241만원",www.chungdamgroup.com/,1개,27명,34명,14명/16명
가온칩스,엔지니어링 서비스업,12년 (2012년 설립),"322억 3,560만원",주식회사,"7,787만원",www.gaonchips.com,1개,198명,262명,24명/85명
대명에너지,토목 시설물 건설업,24년 (2000년 설립),"1,473억 9,102만원",주식회사,"7,264만원",www.daemyoung-eng.com,1개,20명,43명,15명/17명
포바이포,"도장, 도배 및 내장 공사업",7년 (2017년 설립),"222억 7,603만원",주식회사,비공개,https://www.4by4inc.com/,1개,비공개,비공개,비공개
지투파워,"전동기, 발전기 및 전기 변환장치 제조업",14년 (2010년 설립),"373억 7,681만원",주식회사,"8,454만원",www.g2p.co.kr,2개,67명,72명,21명/34명
씨피시스템,합성고무 및 플라스틱 물질 제조업,3년 (2021년 설립),-,주식회사,"3,765만원",-,1개,81명,88명,7명/91명
세아메카닉스,기타 전자 부품 제조업,25년 (1999년 설립),"876억 3,900만원",주식회사,"4,286만원",www.seamechanics.com,1개,194명,194명,36명/53명
공구우먼,통신 판매업,18년 (2006년 설립),"586억 8,688만원",주식회사,"6,598만원",www.09women.net,1개,113명,100명,44명/30명
유일로보틱스,"냉각, 공기 조화, 여과, 증류 및 가스 발생기 제조업",13년 (2011년 설립),"350억 5,224만원",주식회사,"5,042만원",www.yuilrobotics.com,1개,99명,80명,33명/37명
모아데이타,통신 공사업,10년 (2014년 설립),"196억 4,251만원",주식회사,"6,086만원",www.moadata.co.kr,1개,3명,54명,12명/19명
메쎄이상,건물설비 설치 공사업,3년 (2021년 설립),-,주식회사,"4,945만원",messeesang.com,2개,115명,132명,35명/47명
노을,자연과학 연구개발업,9년 (2015년 설립),"14억 7,530만원",주식회사,"7,425만원",noul.kr,1개,109명,156명,44명/58명
비씨엔씨,전구 및 램프 제조업,15년 (2009년 설립),-,기타 법인,"4,146만원",-,1개,3명,3명,1명/1명
풍원정밀,기타 전자 부품 제조업,28년 (1996년 설립),"394억 3,118만원",주식회사,"5,336만원",poongwon.com,1개,236명,206명,82명/48명
스톤브릿지벤처스,,,,,,,,,,
브이씨,방송 및 무선 통신장비 제조업,19년 (2005년 설립),"480억 9,636만원",주식회사,"5,437만원",www.voicecaddie.co.kr,1개,102명,92명,15명/14명
퓨런티어,"측정, 시험, 항해, 제어 및 기타 정밀 기기 제조업",15년 (2009년 설립),"465억 4,698만원",주식회사,"7,122만원",www.furonteer.com,1개,85명,104명,12명/26명
바이오에프디엔씨,자연과학 연구개발업,19년 (2005년 설립),"158억 5,532만원",주식회사,"5,332만원",www.biofdnc.com,1개,40명,42명,4명/5명
인카금융서비스,보험 및 연금관련 서비스업,17년 (2007년 설립),"3,143억 2,729만원",주식회사,"5,225만원",www.incar.co.kr,1개,317명,356명,78명/89명
나래나노텍,기타 특수 목적용 기계 제조업,29년 (1995년 설립),"1,351억 1,277만원",주식회사,"5,151만원",www.naraenano.co.kr,1개,266명,261명,52명/53명
아셈스,합성고무 및 플라스틱 물질 제조업,21년 (2003년 설립),-,주식회사,"4,515만원",assems.com,1개,94명,87명,28명/33명
스코넥,시스템ㆍ응용 소프트웨어 개발 및 공급업,22년 (2002년 설립),"59억 7,800만원",주식회사,"4,576만원",www.skonec.com/,1개,0명,79명,12명/19명
이지트로닉스,"전동기, 발전기 및 전기 변환장치 제조업",16년 (2008년 설립),"177억 4,780만원",주식회사,"5,298만원",www.egtronics.co.kr,2개,128명,77명,32명/33명
LG에너지솔루션,공학 연구개발업,4년 (2020년 설립),"8조 3,874억 6,300만원",주식회사,"12,305만원",www.lgensol.com,1개,1명,"12,579명","368명/1,034명"
애드바이오텍,동물용 사료 및 조제식품 제조업,24년 (2000년 설립),-,주식회사,"3,936만원",www.adbiotech.com,1개,67명,54명,27명/27명
케이옥션,상품 종합 도매업,19년 (2005년 설립),"379억 5,977만원",주식회사,"5,067만원",www.k-auction.com/,1개,105명,98명,18명/18명
코스텍시스템,반도체 및 디스플레이 제조용 기계 제조업,24년 (2000년 설립),"269억 5,242만원",주식회사,"6,766만원",www.kosteks.com/,1개,54명,57명,15명/21명
오토앤,자동차 신품 부품 및 내장품 판매업,12년 (2012년 설립),"501억 2,255만원",주식회사,"4,244만원",www.auton.kr,1개,217명,208명,79명/76명
래몽래인,"영화, 비디오물 및 방송 프로그램 제작업",17년 (2007년 설립),"409억 9,785만원",주식회사,"4,689만원",reamongraein.co.kr,1개,0명,22명,5명/9명
제이엠멀티,-,16년 (2008년 설립),-,주식회사,"5,924만원",www.jmmulti.com,2개,21명,10명,5명/1명
툴젠,자연과학 연구개발업,25년 (1999년 설립),"15억 9,727만원",주식회사,"6,502만원",toolgen.com,1개,73명,86명,13명/18명
켈스,기타 의료용 기기 제조업,6년 (2018년 설립),"125억 4,651만원",주식회사,"4,815만원",www.thecalth.com/,1개,25명,33명,9명/10명
알비더블유,"영화, 비디오물 및 방송 프로그램 제작업",14년 (2010년 설립),416억 270만원,주식회사,"3,026만원",www.rbbridge.com,2개,91명,97명,53명/55명
NPX,경영 컨설팅 및 공공 관계 서비스업,6년 (2018년 설립),-,,"4,043만원",-,1개,1명,,
트윔,사진장비 및 광학기기 제조업,14년 (2010년 설립),216억 300만원,주식회사,"4,823만원",www.twim21.com,2개,140명,133명,37명/30명
아이티아이즈,시스템ㆍ응용 소프트웨어 개발 및 공급업,12년 (2012년 설립),"669억 2,035만원",주식회사,"5,353만원",www.iteyes.co.kr/,1개,341명,344명,114명/123명
지오엘리먼트,반도체 및 디스플레이 제조용 기계 제조업,19년 (2005년 설립),217억 162만원,주식회사,"5,410만원",www.goelement.co.kr,1개,82명,80명,18명/14명
디어유,시스템ㆍ응용 소프트웨어 개발 및 공급업,7년 (2017년 설립),400억 76만원,주식회사,"8,647만원",www.dear-u.co,1개,79명,89명,21명/24명
비트나인,시스템ㆍ응용 소프트웨어 개발 및 공급업,11년 (2013년 설립),"144억 2,829만원",주식회사,"4,915만원",bitnine.net,1개,54명,67명,35명/23명
지니너스,자연과학 연구개발업,6년 (2018년 설립),"100억 8,338만원",주식회사,"4,535만원",kr-geninus.com,2개,94명,75명,47명/26명
카카오페이,기타 금융 지원 서비스업,16년 (2008년 설립),-,기타 법인,"6,032만원",-,1개,344명,322명,102명/75명
피코그램,가정용 전기 기기 제조업,22년 (2002년 설립),"263억 1,337만원",주식회사,"4,097만원",www.picogram.com,1개,102명,108명,21명/23명
엔켐,상품 종합 도매업,22년 (2002년 설립),-,주식회사,"3,281만원",-,1개,6명,8명,1명/2명
리파인,"비철금속 제련, 정련 및 합금 제조업",3년 (2021년 설립),-,기타 법인,"4,908만원",-,1개,19명,12명,3명/3명
지앤비에스 에코,경영 컨설팅 및 공공 관계 서비스업,21년 (2003년 설립),"474억 9,440만원",주식회사,"4,364만원",www.echomarketing.co.kr,1개,280명,317명,143명/180명
아이패밀리에스씨,"의약품, 의료용품 및 화장품 도매업",24년 (2000년 설립),"716억 1,822만원",주식회사,"5,148만원",www.ifamily.co.kr,1개,133명,181명,45명/88명
차백신연구소,자연과학 연구개발업,24년 (2000년 설립),"1억 7,948만원",주식회사,"7,944만원",www.chavaccine.com,1개,39명,51명,9명/12명
지아이텍,기타 특수 목적용 기계 제조업,12년 (2012년 설립),"366억 2,201만원",주식회사,"4,463만원",gitec.kr,1개,150명,141명,60명/70명
코닉오토메이션,기타 일반 목적용 기계 제조업,3년 (2021년 설립),"300억 9,272만원",주식회사,"5,914만원",-,1개,110명,130명,15명/33명
케이카,자동차 중고 부품 및 내장품 판매업,8년 (2016년 설립),-,주식회사,"4,839만원",-,1개,7명,9명,4명/4명
씨유테크,전기 공급 및 제어장치 제조업,4년 (2020년 설립),-,기타 법인,"3,493만원",-,1개,16명,13명,4명/8명
아스플로,"금속 열처리, 도금 및 기타 금속 가공업",23년 (2001년 설립),"587억 8,379만원",주식회사,"5,074만원",www.asflow.com,1개,221명,233명,54명/59명
원준,건물설비 설치 공사업,16년 (2008년 설립),"620억 9,118만원",주식회사,"5,889만원",www.onejoon.co.kr/,2개,125명,108명,66명/56명
실리콘투,재생용 재료 및 기타 상품 전문 도매업,22년 (2002년 설립),"1,244억 8,130만원",주식회사,"4,336만원",www.siliconii.com,1개,154명,232명,53명/92명
에스앤디,부동산 관리업,25년 (1999년 설립),"2,267억 2,542만원",기타 법인,"5,852만원",-,1개,5명,3명,0명/0명
프롬바이오,"의약품, 의료용품 및 화장품 도매업",2년 (2022년 설립),-,주식회사,"5,852만원",-,1개,5명,13명,1명/9명
바이오플러스,기타 의료용 기기 제조업,21년 (2003년 설립),374억 496만원,주식회사,"5,537만원",bioplus.co.kr,1개,2명,118명,48명/58명
와이엠텍,기타 전기장비 제조업,20년 (2004년 설립),"492억 9,343만원",주식회사,"4,863만원",www.goodymt.com,1개,103명,91명,32명/10명
에이비온,자연과학 연구개발업,17년 (2007년 설립),"16억 3,849만원",주식회사,"6,341만원",www.abionbio.com,1개,30명,42명,8명/12명
라이콤,기타 전자 부품 제조업,40년 (1984년 설립),"1,510억 9,174만원",주식회사,"6,170만원",www.e-litecom.com,1개,50명,44명,12명/0명
일진하이솔루스,자동차용 기타 신품 부품 제조업,9년 (2015년 설립),-,기타 법인,"4,832만원",-,1개,18명,6명,2명/1명
바이젠셀,-,11년 (2013년 설립),-,주식회사,"6,468만원",www.vigencell.com/kr/index.asp,1개,79명,69명,15명/10명
아주스틸,"금속 열처리, 도금 및 기타 금속 가공업",5년 (2019년 설립),-,기타 법인,"4,512만원",-,1개,3명,7명,0명/1명
롯데렌탈,그 외 기타 사업 지원 서비스업,19년 (2005년 설립),"2조 2,359억 3,846만원",주식회사,"6,865만원",www.lotterental.com/,1개,"1,190명","1,227명",208명/265명
브레인즈컴퍼니,시스템ㆍ응용 소프트웨어 개발 및 공급업,24년 (2000년 설립),"176억 9,144만원",주식회사,"5,659만원",www.brainz.co.kr,1개,101명,105명,24명/29명
딥노이드,시스템ㆍ응용 소프트웨어 개발 및 공급업,16년 (2008년 설립),"31억 8,154만원",주식회사,"4,331만원",www.deepnoid.com,1개,111명,150명,78명/102명
한컴라이프케어,그 외 기타 섬유제품 제조업,53년 (1971년 설립),"1,151억 3,112만원",주식회사,"5,232만원",www.hancomlifecare.com,1개,225명,210명,45명/49명
엠로,시스템ㆍ응용 소프트웨어 개발 및 공급업,24년 (2000년 설립),"441억 4,879만원",주식회사,"6,517만원",www.emro.co.kr,1개,303명,340명,31명/77명
플래티어,시스템ㆍ응용 소프트웨어 개발 및 공급업,19년 (2005년 설립),"418억 9,336만원",주식회사,"6,097만원",www.plateer.com/,2개,267명,285명,53명/64명
원티드랩,시스템ㆍ응용 소프트웨어 개발 및 공급업,9년 (2015년 설립),"316억 9,921만원",주식회사,"6,710만원",,2개,168명,175명,48명/38명
크래프톤,시스템ㆍ응용 소프트웨어 개발 및 공급업,17년 (2007년 설립),"1조 8,283억 7,378만원",주식회사,"10,933만원",www.krafton.com,1개,"1,730명","1,714명",459명/410명
카카오뱅크,일반은행,8년 (2016년 설립),-,주식회사,"10,236만원",-,1개,"1,490명","1,586명",214명/291명
에브리봇,"가전제품, 통신장비 및 부품 도매업",9년 (2015년 설립),530억 650만원,주식회사,"5,115만원",www.everybot.net,1개,68명,88명,34명/42명
맥스트,게임 소프트웨어 개발 및 공급업,14년 (2010년 설립),"23억 6,727만원",주식회사,"6,139만원",www.maxst.com,1개,154명,164명,26명/77명
큐라클,자연과학 연구개발업,8년 (2016년 설립),-,주식회사,"7,391만원",www.curacle.com,1개,35명,34명,6명/3명
에스디바이오센서,방사선 장치 및 전기식 진단 기기 제조업,14년 (2010년 설립),"2조 8,472억 4,279만원",주식회사,"6,858만원",sdbiosensor.co.kr/,3개,225명,207명,53명/37명
오비고,시스템ㆍ응용 소프트웨어 개발 및 공급업,21년 (2003년 설립),"64억 9,300만원",주식회사,"7,022만원",obigo.com/,1개,116명,132명,12명/30명
엠씨넥스,비알코올 음료점업,2년 (2022년 설립),-,기타 법인,"3,475만원",-,1개,7명,6명,0명/0명
아모센스,기타 전자 부품 제조업,16년 (2008년 설립),"630억 1,353만원",주식회사,"13,042만원",www.amosense.co.kr,1개,304명,277명,70명/73명
타임기술,공학 연구개발업,6년 (2018년 설립),-,주식회사,"3,646만원",timett.co.kr,1개,54명,69명,24명/23명
이노뎁,시스템ㆍ응용 소프트웨어 개발 및 공급업,16년 (2008년 설립),"600억 3,861만원",주식회사,"5,036만원",innodep.co.kr,1개,3명,197명,82명/82명
라온테크,-,4년 (2020년 설립),-,,"2,581만원",-,2개,31명,,
LB루셈,보육시설 운영업,11년 (2013년 설립),-,기타 법인,"2,764만원",-,1개,10명,8명,7명/5명
이성씨엔아이,회사본부,8년 (2016년 설립),-,주식회사,"4,210만원",www.iscni.co.kr/,1개,91명,23명,18명/17명
에이디엠코리아,엔지니어링 서비스업,3년 (2021년 설립),-,기타 법인,"3,215만원",-,1개,9명,7명,5명/0명
에코프로에이치엔,건물설비 설치 공사업,3년 (2021년 설립),909억 434만원,주식회사,"6,032만원",www.ecoprohn.co.kr,2개,610명,292명,28명/33명
제주맥주,발효주 제조업,9년 (2015년 설립),"284억 8,374만원",주식회사,"6,324만원",www.jejubeer.co.kr,1개,66명,47명,14명/8명
진시스템,시스템ㆍ응용 소프트웨어 개발 및 공급업,4년 (2020년 설립),-,기타 법인,"3,501만원",-,1개,4명,4명,2명/1명
F&F,,,,,,,,,,
삼영에스앤씨,기타 전자 부품 제조업,24년 (2000년 설립),"136억 3,766만원",주식회사,"4,761만원",samyoungsnc.com,1개,63명,53명,14명/16명
샘씨엔에스,인쇄회로기판 및 전자부품 실장기판 제조업,0년 (2024년 설립),-,기타 법인,"4,557만원",-,1개,1명,91명,3명/93명
씨앤씨인터내셔널,"세제, 화장품 및 광택제 제조업",11년 (2013년 설립),"836억 6,024만원",주식회사,"4,881만원",www.cnccosmetic.com,1개,459명,563명,111명/213명
에이치피오,상품 종합 도매업,12년 (2012년 설립),"1,122억 4,424만원",주식회사,"5,549만원",denps.com/kor/,1개,72명,92명,28명/43명
쿠콘,시스템ㆍ응용 소프트웨어 개발 및 공급업,18년 (2006년 설립),"591억 7,537만원",주식회사,"5,127만원",www.coocon.net,2개,200명,228명,36명/55명
이삭엔지니어링,전기 공급 및 제어장치 제조업,18년 (2006년 설립),"427억 8,220만원",주식회사,"5,583만원",isaac-eng.com,1개,138명,160명,13명/32명
엔시스,기타 일반 목적용 기계 제조업,18년 (2006년 설립),"426억 8,876만원",주식회사,"5,633만원",www.n-sys.co.kr/,1개,146명,154명,44명/47명
자이언트스텝,광고 대행업,16년 (2008년 설립),"230억 2,716만원",주식회사,"4,940만원",www.giantstep.co.kr,1개,353명,322명,106명/74명
제노코,교육 지원 서비스업,3년 (2021년 설립),-,,-,-,1개,8명,,
라이프시맨틱스,시스템ㆍ응용 소프트웨어 개발 및 공급업,12년 (2012년 설립),"46억 3,437만원",주식회사,"4,799만원",lifesemantics.kr,1개,52명,35명,71명/48명
SK바이오사이언스,-,6년 (2018년 설립),"9,290억 93만원",주식회사,"8,385만원",www.skbioscience.com,1개,458명,605명,116명/108명
바이오다인,기타 의료용 기기 제조업,25년 (1999년 설립),"122억 1,042만원",주식회사,"5,323만원",www.biodyne.asia/,1개,21명,23명,4명/8명
네오이뮨텍,자연과학 연구개발업,5년 (2019년 설립),65억 590만원,기타 법인,"5,882만원",-,1개,51명,47명,10명/2명
화승알앤에이,기타 고무제품 제조업,3년 (2021년 설립),"5,048억 5,349만원",주식회사,"6,032만원",www.hsrna.com,1개,627명,633명,60명/82명
싸이버원,시스템ㆍ응용 소프트웨어 개발 및 공급업,19년 (2005년 설립),"221억 8,576만원",주식회사,"4,298만원",www.cyberone.kr/,1개,234명,279명,99명/124명
프레스티지바이오로직스,-,9년 (2015년 설립),"17억 3,026만원",주식회사,"2,133만원",www.prestigebiologics.com,1개,185명,203명,59명/87명
나노씨엠에스,기타 전자 부품 제조업,21년 (2003년 설립),-,주식회사,"6,236만원",www.nanocms.co.kr,1개,31명,30명,18명/21명
뷰노,시스템ㆍ응용 소프트웨어 개발 및 공급업,10년 (2014년 설립),"22억 4,788만원",주식회사,"8,090만원",www.vuno.co,1개,148명,151명,34명/38명
엑스플러스,시스템ㆍ응용 소프트웨어 개발 및 공급업,2년 (2022년 설립),-,,-,-,1개,17명,,
유일에너테크,기타 특수 목적용 기계 제조업,12년 (2012년 설립),"292억 4,319만원",주식회사,"4,635만원",www.youilet.com,1개,122명,155명,35명/71명
씨이랩,시스템ㆍ응용 소프트웨어 개발 및 공급업,14년 (2010년 설립),"57억 7,787만원",주식회사,"5,860만원",www.xiilab.com,1개,68명,77명,44명/37명
오로스테크놀로지,반도체 및 디스플레이 제조용 기계 제조업,21년 (2003년 설립),"395억 6,368만원",주식회사,"6,539만원",www.aurostech.com,1개,183명,204명,30명/47명
피엔에이치테크,기초 유기화학 물질 제조업,15년 (2009년 설립),"350억 4,374만원",주식회사,"6,993만원",www.phtech.co.kr,1개,49명,62명,11명/15명
모비데이즈,광고 대행업,4년 (2020년 설립),-,주식회사,"3,945만원",-,1개,163명,142명,108명/72명
아이퀘스트,시스템ㆍ응용 소프트웨어 개발 및 공급업,28년 (1996년 설립),"156억 7,747만원",주식회사,"5,538만원",www.iquest.co.kr,1개,114명,109명,21명/13명
프레스티지바이오파마,자연과학 연구개발업,3년 (2021년 설립),-,기타 법인,"5,248만원",-,1개,80명,102명,27명/38명
레인보우로보틱스,산업용 로봇 제조업,13년 (2011년 설립),"89억 6,957만원",주식회사,"4,789만원",www.rainbow-robotics.com/new/index_ko.php,1개,60명,87명,10명/23명
아티스트유나이티드,시스템ㆍ응용 소프트웨어 개발 및 공급업,14년 (2010년 설립),"299억 9,548만원",주식회사,"5,348만원",www.widerplanet.com,1개,59명,48명,10명/9명
솔루엠,전기 공급 및 제어장치 제조업,9년 (2015년 설립),"6,215억 631만원",주식회사,"4,116만원",www.solu-m.com,1개,442명,470명,52명/73명
핑거,게임 소프트웨어 개발 및 공급업,14년 (2010년 설립),-,주식회사,"5,040만원",-,1개,55명,33명,31명/6명
모비릭스,시스템ㆍ응용 소프트웨어 개발 및 공급업,17년 (2007년 설립),"567억 1,788만원",주식회사,"4,262만원",www.mobirix.com,1개,254명,312명,110명/94명
씨앤투스,직물제품 제조업,21년 (2003년 설립),-,주식회사,"5,068만원",cntus.com,1개,207명,142명,82명/48명
선진뷰티사이언스,"세제, 화장품 및 광택제 제조업",5년 (2019년 설립),-,기타 법인,"5,030만원",-,1개,93명,105명,28명/50명
DL이앤씨,비주거용 건물 건설업,3년 (2021년 설립),"5조 2,493억 9,946만원",주식회사,"6,082만원",www.dlenc.co.kr,3개,"7,370명","4,488명",626명/625명
엔비티,시스템ㆍ응용 소프트웨어 개발 및 공급업,12년 (2012년 설립),"796억 1,015만원",주식회사,"8,666만원",https://nbt.com/,1개,63명,74명,25명/28명
파이버프로,기타 전자 부품 제조업,4년 (2020년 설립),-,주식회사,"5,532만원",www.fiberpro.com,1개,94명,115명,6명/23명
나우코스,"세제, 화장품 및 광택제 제조업",24년 (2000년 설립),"427억 1,231만원",주식회사,"4,295만원",www.nowcos.com/,1개,123명,106명,31명/28명
루트락,"의약품, 의료용품 및 화장품 도매업",10년 (2014년 설립),"43억 4,963만원",주식회사,"3,947만원",rootloc.com/,1개,34명,33명,14명/11명
블리츠웨이스튜디오,"영화, 비디오물 및 방송 프로그램 제작업",0년 (2024년 설립),-,기타 법인,"3,547만원",-,1개,28명,31명,6명/33명
석경에이티,기초 유기화학 물질 제조업,24년 (2000년 설립),-,주식회사,"4,072만원",www.sukgyung.com,1개,139명,70명,11명/14명
지놈앤컴퍼니,"영화, 비디오물 및 방송 프로그램 제작업",9년 (2015년 설립),"4억 5,124만원",주식회사,"6,429만원",genomecom.co.kr,1개,0명,94명,50명/36명
프리시젼바이오,기타 의료용 기기 제조업,15년 (2009년 설립),"108억 3,220만원",주식회사,"4,980만원",precision-bio.com/,1개,102명,101명,24명/27명
알체라,시스템ㆍ응용 소프트웨어 개발 및 공급업,8년 (2016년 설립),100억 67만원,주식회사,"3,894만원",www.alchera.ai,1개,226명,149명,370명/327명
하이딥,"다이오드, 트랜지스터 및 유사 반도체 소자 제조업",4년 (2020년 설립),-,주식회사,"5,932만원",www.hideep.com,1개,55명,69명,2명/16명
에프앤가이드,"자료 처리, 호스팅 및 관련 서비스업",24년 (2000년 설립),"255억 2,425만원",주식회사,"6,214만원",www.fnguide.com,1개,154명,155명,32명/30명
티엘비,"의약품, 의료용품 및 화장품 도매업",12년 (2012년 설립),-,주식회사,"4,767만원",-,1개,5명,6명,2명/1명
씨엔티드림,"세제, 화장품 및 광택제 제조업",13년 (2011년 설립),-,주식회사,"3,717만원",www.cntdream.com,1개,55명,50명,17명/12명
인바이오,기타 보건업,4년 (2020년 설립),-,기타 법인,"2,160만원",-,1개,3명,4명,1명/3명
엔젠바이오,기타 의료용 기기 제조업,9년 (2015년 설립),"71억 6,319만원",주식회사,"5,840만원",ngenebio.com,1개,118명,84명,65명/17명
퀀타매트릭스,사진장비 및 광학기기 제조업,14년 (2010년 설립),"3억 9,186만원",주식회사,"5,543만원",www.quantamatrix.com,2개,146명,90명,39명/18명
명신산업,"금속 열처리, 도금 및 기타 금속 가공업",14년 (2010년 설립),-,기타 법인,"4,574만원",-,1개,23명,14명,9명/8명
클리노믹스,기타 기계 및 장비 도매업,13년 (2011년 설립),"90억 4,559만원",주식회사,"5,251만원",www.clinomics.com,1개,77명,75명,54명/55명
포인트모바일,"측정, 시험, 항해, 제어 및 기타 정밀 기기 제조업",18년 (2006년 설립),"768억 3,095만원",주식회사,"5,681만원",pointmobile.com,1개,153명,152명,34명/37명
앱코,컴퓨터 제조업,23년 (2001년 설립),"1,018억 3,187만원",주식회사,"4,081만원",www.abko.co.kr,1개,96명,54명,35명/16명
엔에프씨,그 외 기타 섬유제품 제조업,3년 (2021년 설립),-,기타 법인,"3,034만원",-,1개,3명,3명,3명/2명
제일일렉트릭,전기 공급 및 제어장치 제조업,44년 (1980년 설립),"1,321억 5,464만원",주식회사,"4,604만원",www.cheilelec.com,1개,283명,302명,22명/56명
하나기술,기타 전자 부품 제조업,10년 (2014년 설립),-,기타 법인,"4,231만원",-,1개,15명,23명,1명/4명
에이플러스에셋,보험 및 연금관련 서비스업,17년 (2007년 설립),"2,183억 8,170만원",주식회사,"5,089만원",www.aplusga.com,1개,0명,431명,70명/111명
티앤엘,합성고무 및 플라스틱 물질 제조업,26년 (1998년 설립),"718억 9,545만원",주식회사,"6,746만원",www.tnl.co.kr/,1개,17명,37명,3명/17명
고바이오랩,그 외 기타 사업 지원 서비스업,10년 (2014년 설립),"28억 9,332만원",주식회사,"5,615만원",-,1개,56명,57명,11명/11명
네패스아크,"다이오드, 트랜지스터 및 유사 반도체 소자 제조업",5년 (2019년 설립),"1,538억 6,100만원",주식회사,"4,235만원",www.nepesark.co.kr,1개,407명,357명,153명/69명
교촌에프앤비,비알코올 음료점업,6년 (2018년 설립),-,기타 법인,"2,850만원",-,1개,5명,6명,2명/2명
소룩스,조명장치 제조업,15년 (2009년 설립),-,주식회사,"3,476만원",-,1개,36명,33명,13명/15명
위드텍,화학 물질 및 화학제품 도매업,20년 (2004년 설립),-,기타 법인,"5,852만원",-,1개,3명,3명,0명/0명
센코,"의약품, 의료용품 및 화장품 도매업",8년 (2016년 설립),"188억 8,091만원",주식회사,"3,928만원",-,1개,13명,15명,9명/10명
바이브컴퍼니,시스템ㆍ응용 소프트웨어 개발 및 공급업,24년 (2000년 설립),"442억 4,800만원",주식회사,"4,660만원",www.vaiv.kr,1개,343명,225명,96명/59명
원포유,엔지니어링 서비스업,26년 (1998년 설립),"57억 7,200만원",주식회사,"6,743만원",www.ofu.co.kr,1개,17명,19명,5명/6명
미코바이오메드,기타 의료용 기기 제조업,15년 (2009년 설립),303억 207만원,주식회사,"5,130만원",www.micobiomed.com,1개,144명,70명,25명/10명
피플바이오,자연과학 연구개발업,22년 (2002년 설립),"1억 6,493만원",주식회사,"5,420만원",www.peoplebio.net/kr/index.php,1개,49명,68명,28명/28명
하이브,통신 판매업,4년 (2020년 설립),"2,394억 107만원",주식회사,"6,032만원",-,1개,0명,412명,48명/110명
넥스틴,"다이오드, 트랜지스터 및 유사 반도체 소자 제조업",14년 (2010년 설립),571억 875만원,주식회사,"9,559만원",nextinsol.com,1개,110명,119명,13명/22명
케이엔솔,엔지니어링 서비스업,3년 (2021년 설립),-,기타 법인,"4,496만원",-,1개,6명,9명,2명/4명
비나텍,기타 전자 부품 제조업,25년 (1999년 설립),"706억 5,673만원",주식회사,"5,116만원",www.vina.co.kr,1개,157명,189명,58명/90명
씨엔알리서치,기타 전문 서비스업,4년 (2020년 설립),"430억 9,929만원",주식회사,"5,345만원",-,1개,498명,488명,125명/137명
박셀바이오,자연과학 연구개발업,14년 (2010년 설립),-,주식회사,"5,454만원",www.vaxcell-bio.com,1개,44명,68명,14명/34명
티와이홀딩스,그 외 기타 금융업,4년 (2020년 설립),-,주식회사,"15,784만원",www.ty-holdings.co.kr,1개,14명,19명,7명/9명
비비씨,그 외 기타 운송관련 서비스업,11년 (2013년 설립),-,기타 법인,"5,852만원",-,1개,11명,9명,2명/0명
코스텍시스,반도체 및 디스플레이 제조용 기계 제조업,24년 (2000년 설립),"269억 5,242만원",주식회사,"6,766만원",www.kosteks.com/,1개,54명,57명,15명/21명
핌스,기타 전자 부품 제조업,8년 (2016년 설립),"637억 5,186만원",주식회사,"5,407만원",pimskorea.com,1개,222명,201명,82명/53명
압타머사이언스,자연과학 연구개발업,13년 (2011년 설립),"3억 5,825만원",주식회사,"4,494만원",www.aptsci.com,1개,34명,39명,16명/10명
이오플로우,기타 의료용 기기 제조업,13년 (2011년 설립),"6억 9,326만원",주식회사,"7,156만원",www.eoflow.com,1개,109명,135명,38명/55명
카카오게임즈,회사본부,3년 (2021년 설립),-,,-,-,1개,2명,,
피엔케이피부임상연구센타,"그 외 기타 전문, 과학 및 기술 서비스업",14년 (2010년 설립),"179억 5,700만원",주식회사,"4,436만원",www.pnkskin.com,1개,91명,103명,44명/48명
아이디피,기억 장치 및 주변 기기 제조업,19년 (2005년 설립),-,주식회사,"7,806만원",www.idp-corp.com,1개,39명,54명,2명/9명
셀레믹스,자연과학 연구개발업,14년 (2010년 설립),"80억 8,427만원",주식회사,"5,622만원",www.celemics.com/,1개,80명,42명,30명/8명
고스트스튜디오,"영화, 비디오물 및 방송 프로그램 제작업",4년 (2020년 설립),-,기타 법인,"4,269만원",-,2개,31명,35명,19명/22명
브랜드엑스코퍼레이션,통신 판매업,7년 (2017년 설립),"1,477억 7,029만원",주식회사,"4,190만원",www.brandxcorp.com/,1개,210명,209명,68명/80명
영림원소프트랩,시스템ㆍ응용 소프트웨어 개발 및 공급업,31년 (1993년 설립),"475억 3,337만원",주식회사,"6,691만원",ksystem.co.kr,1개,340명,380명,38명/62명
한국파마,기초 의약 물질 및 생물학적 제제 제조업,39년 (1985년 설립),"810억 2,942만원",주식회사,"5,987만원",koreapharma.co.kr,1개,285명,272명,70명/63명
솔브레인,그 외 기타 금융업,38년 (1986년 설립),"188억 9,696만원",주식회사,"8,962만원",http://www.soulbrainholdings.co.kr,1개,87명,77명,23명/18명
이루다,광고 대행업,9년 (2015년 설립),"64억 8,277만원",주식회사,"3,983만원",-,1개,86명,96명,80명/66명
와이팜,공학 연구개발업,18년 (2006년 설립),-,주식회사,"15,989만원",www.wipam.co.kr,1개,42명,39명,11명/10명
에코앤드림,자동차용 기타 신품 부품 제조업,20년 (2004년 설립),-,주식회사,"4,382만원",www.endss.com,2개,52명,95명,23명/24명
엠투아이,시스템ㆍ응용 소프트웨어 개발 및 공급업,8년 (2016년 설립),-,기타 법인,"4,038만원",-,1개,29명,37명,11명/18명
더네이쳐홀딩스,"가전제품, 통신장비 및 부품 도매업",20년 (2004년 설립),"3,690억 4,624만원",주식회사,"4,373만원",www.thenatureholdings.co.kr,1개,501명,502명,439명/431명
솔트룩스,시스템ㆍ응용 소프트웨어 개발 및 공급업,43년 (1981년 설립),"229억 4,218만원",주식회사,"5,018만원",www.saltlux.com/,1개,193명,179명,60명/37명
바이오인프라생명과학,자연과학 연구개발업,23년 (2001년 설립),"14억 9,213만원",주식회사,"8,213만원",bioinfra.co.kr,1개,35명,12명,26명/4명
티에스아이,광고 대행업,17년 (2007년 설립),"55억 1,327만원",기타 법인,"4,470만원",-,1개,40명,25명,18명/15명
에이프로,기초 의약 물질 및 생물학적 제제 제조업,24년 (2000년 설립),"81억 5,318만원",주식회사,"3,716만원",www.aprogen.com,1개,210명,313명,82명/105명
소마젠,"기술 시험, 검사 및 분석업",3년 (2021년 설립),-,,"4,235만원",-,1개,2명,,
신도기연,기타 일반 목적용 기계 제조업,24년 (2000년 설립),"394억 6,028만원",주식회사,"5,865만원",www.lcd.co.kr,1개,69명,62명,6명/9명
위더스제약,"의약품, 의료용 기구, 화장품 및 방향제 소매업",20년 (2004년 설립),"646억 8,037만원",주식회사,"4,803만원",withuspharm.com,1개,86명,45명,16명/11명
엠브레인,시장 조사 및 여론 조사업,26년 (1998년 설립),"328억 7,335만원",주식회사,"5,275만원",embrain.com/,1개,282명,268명,95명/95명
젠큐릭스,자연과학 연구개발업,13년 (2011년 설립),"21억 6,660만원",주식회사,"5,902만원",www.gencurix.com,1개,72명,65명,25명/20명
무진메디,자연과학 연구개발업,8년 (2016년 설립),-,주식회사,"4,115만원",www.moogene.com/,1개,20명,21명,0명/3명
HB솔루션,인력 공급업,3년 (2021년 설립),-,,"2,545만원",-,1개,21명,,
에스씨엠생명과학,자연과학 연구개발업,10년 (2014년 설립),"3억 9,598만원",주식회사,"5,309만원",www.scmlifescience.com,1개,57명,49명,19명/13명
휴럼,가공식품 도매업,4년 (2020년 설립),"690억 7,700만원",주식회사,"4,089만원",-,1개,145명,122명,29명/30명
이지바이오,산업용 농ㆍ축산물 및 동ㆍ식물 도매업,4년 (2020년 설립),-,주식회사,"5,349만원",www.easybio.co.kr/,1개,38명,107명,13명/6명
드림씨아이에스,"기술 시험, 검사 및 분석업",24년 (2000년 설립),"261억 5,350만원",주식회사,"4,983만원",www.dreamcis.com,1개,340명,358명,75명/89명
대덕전자,방송 및 무선 통신장비 제조업,18년 (2006년 설립),-,기타 법인,"3,988만원",-,1개,2명,3명,0명/0명
엔피디,육상 운송 지원 서비스업,9년 (2015년 설립),"58억 5,503만원",주식회사,"2,963만원",-,1개,43명,35명,31명/25명
플레이디,광고 대행업,14년 (2010년 설립),"346억 8,049만원",주식회사,"5,086만원",www.playd.com,1개,322명,295명,73명/56명
서울바이오시스,"다이오드, 트랜지스터 및 유사 반도체 소자 제조업",22년 (2002년 설립),"2,570억 6,131만원",주식회사,"5,198만원",www.seoulviosys.com/kr/,1개,273명,279명,119명/131명
켄코아에어로스페이스,"항공기, 우주선 및 보조장치 제조업",11년 (2013년 설립),"318억 5,036만원",주식회사,"4,177만원",www.kencoa.com,2개,87명,297명,79명/78명
레몬,-,1년 (2023년 설립),-,,-,-,1개,2명,,
서남,엔지니어링 서비스업,1년 (2023년 설립),-,기타 법인,"3,267만원",-,1개,6명,5명,1명/2명
위세아이텍,시스템ㆍ응용 소프트웨어 개발 및 공급업,34년 (1990년 설립),"378억 9,206만원",주식회사,"3,657만원",www.wise.co.kr,1개,0명,187명,77명/58명
케이씨씨글라스,판유리 및 판유리 가공품 제조업,4년 (2020년 설립),-,기타 법인,"6,032만원",-,1개,549명,405명,23명/9명
세림B&G,,,,,,,,,,
이앤에치,그 외 기타 섬유제품 제조업,23년 (2001년 설립),-,주식회사,"3,902만원",www.hepabest.com,1개,55명,31명,13명/6명
CJ 바이오사이언스,상품 종합 도매업,5년 (2019년 설립),"2조 1,091억 2,508만원",주식회사,"1,680만원",-,2개,"9,155명","6,647명","14,519명/15,121명"
엔에스엠,기계장비 조립용 플라스틱제품 제조업,14년 (2010년 설립),-,주식회사,"3,622만원",www.nsmcc.com,1개,23명,21명,4명/2명
피피아이,건축용 플라스틱제품 제조업,20년 (2004년 설립),-,기타 법인,"5,851만원",-,1개,234명,225명,50명/57명
아이비김영,건물 및 구축물 해체 공사업,5년 (2019년 설립),"585억 9,243만원",주식회사,"4,559만원",www.kimyoung.co.kr,1개,32명,313명,51명/82명
브릿지바이오,자연과학 연구개발업,9년 (2015년 설립),"19억 2,415만원",주식회사,"10,018만원",www.bridgebiorx.com,1개,36명,32명,10명/0명
다보링크,통신 공사업,5년 (2019년 설립),"648억 5,900만원",주식회사,"5,432만원",www.davolink.co.kr,1개,0명,71명,7명/18명
메드팩토,자연과학 연구개발업,11년 (2013년 설립),-,주식회사,"5,833만원",www.medpacto.com,1개,70명,53명,19명/15명
원텍,기타 의료용 기기 제조업,25년 (1999년 설립),"487억 9,159만원",주식회사,"2,436만원",www.wtlaser.com,1개,105명,118명,33명/46명
신테카바이오,자연과학 연구개발업,15년 (2009년 설립),"3억 1,665만원",주식회사,"5,520만원",www.syntekabio.com,1개,48명,66명,11명/23명
제이엘케이,기타 정보 기술 및 컴퓨터 운영 관련 서비스업,10년 (2014년 설립),"38억 2,136만원",주식회사,"9,703만원",jlkgroup.com,1개,85명,73명,38명/52명
태웅로직스,그 외 기타 운송관련 서비스업,28년 (1996년 설립),"8,669억 4,893만원",주식회사,"5,770만원",www.e-tgl.com,1개,343명,374명,59명/79명
윙스풋,신발 소매업,5년 (2019년 설립),"543억 3,700만원",주식회사,"3,841만원",www.wingsfoot.co.kr,2개,156명,71명,22명/24명
노드메이슨,"세제, 화장품 및 광택제 제조업",11년 (2013년 설립),"186억 3,123만원",주식회사,"3,804만원",www.huxley.co.kr,1개,37명,40명,22명/23명
리메드,"기술 시험, 검사 및 분석업",6년 (2018년 설립),-,기타 법인,"5,136만원",-,1개,8명,13명,5명/10명
비올,기타 의료용 기기 제조업,5년 (2019년 설립),"183억 7,272만원",주식회사,"4,288만원",www.viol.co.kr,1개,77명,97명,35명/65명
타스컴,경영 컨설팅 및 공공 관계 서비스업,10년 (2014년 설립),"90억 1,200만원",주식회사,"4,127만원",www.yidobio.com,1개,44명,29명,19명/8명
진코스텍,"세제, 화장품 및 광택제 제조업",14년 (2010년 설립),"148억 8,721만원",주식회사,"2,726만원",www.jincostech.com,1개,159명,111명,26명/38명
웨이버스,시스템ㆍ응용 소프트웨어 개발 및 공급업,9년 (2015년 설립),"19억 3,470만원",,"3,529만원",-,1개,12명,,
유엑스엔,"세제, 화장품 및 광택제 제조업",12년 (2012년 설립),-,주식회사,"5,368만원",uxn.co.kr,1개,33명,38명,17명/12명
씨티알모빌리티,자동차 차체용 신품 부품 제조업,30년 (1994년 설립),-,주식회사,"5,821만원",www.ctrmobility.co.kr,1개,155명,144명,38명/30명
티움바이오,자연과학 연구개발업,8년 (2016년 설립),-,주식회사,"6,587만원",www.tiumbio.com,1개,52명,50명,23명/16명
씨에스베어링,기타 일반 목적용 기계 제조업,17년 (2007년 설립),"948억 4,747만원",주식회사,"6,073만원",www.csbrg.com,1개,21명,29명,6명/9명
우양,"과실, 채소 가공 및 저장 처리업",10년 (2014년 설립),-,기타 법인,"4,525만원",-,1개,19명,11명,7명/4명
코리아에셋투자증권,기타 금융 지원 서비스업,24년 (2000년 설립),-,주식회사,"13,329만원",www.kasset.co.kr,1개,201명,207명,59명/70명
HD현대에너지솔루션,"전동기, 발전기 및 전기 변환장치 제조업",8년 (2016년 설립),"5,595억 693만원",주식회사,"7,450만원",www.hd-hyundaies.co.kr,1개,229명,246명,50명/81명
에스제이그룹,의복 소매업,16년 (2008년 설립),"1,171억 9,765만원",주식회사,"5,560만원",www.sj-group.co.kr,1개,191명,261명,127명/141명
제테마,의료용품 및 기타 의약 관련제품 제조업,15년 (2009년 설립),"459억 9,381만원",주식회사,"4,940만원",www.jetema.com,1개,55명,80명,15명/35명
한화시스템,방송 및 무선 통신장비 제조업,24년 (2000년 설립),2조 895억 66만원,주식회사,"9,157만원",hanwhasystems.com,3개,"4,601명","3,116명",261명/420명
라파스,"세제, 화장품 및 광택제 제조업",18년 (2006년 설립),"163억 1,937만원",주식회사,"5,019만원",www.raphas.com,1개,100명,93명,35명/18명
아이티엠반도체,전자집적회로 제조업,24년 (2000년 설립),"4,885억 3,382만원",주식회사,"4,652만원",www.it-m.co.kr,1개,436명,347명,83명/77명
일승,기계장비 조립용 플라스틱제품 제조업,22년 (2002년 설립),-,기타 법인,"3,575만원",-,1개,21명,15명,5명/4명
자이에스앤디,부동산 관리업,2년 (2022년 설립),-,기타 법인,"3,533만원",-,1개,7명,5명,2명/2명
미디어젠,시스템ㆍ응용 소프트웨어 개발 및 공급업,24년 (2000년 설립),"173억 5,590만원",주식회사,"5,679만원",www.mediazen.co.kr,1개,190명,147명,103명/74명
모코엠시스,시스템ㆍ응용 소프트웨어 개발 및 공급업,5년 (2019년 설립),232억 666만원,주식회사,"6,032만원",www.mocomsys.com,2개,128명,129명,9명/7명
티라유텍,시스템ㆍ응용 소프트웨어 개발 및 공급업,18년 (2006년 설립),"393억 2,688만원",주식회사,"5,996만원",thirautech.com,2개,267명,227명,61명/47명
지누스,상품 중개업,45년 (1979년 설립),"3,331억 7,664만원",주식회사,"7,080만원",www.zinus.co.kr,1개,169명,150명,35명/13명
밸로프,게임 소프트웨어 개발 및 공급업,17년 (2007년 설립),"140억 2,053만원",,"4,038만원",-,1개,128명,,
캐리소프트,그 외 기타 정보 서비스업,10년 (2014년 설립),"37억 3,892만원",주식회사,"3,561만원",www.carriesoft.com,2개,50명,47명,13명/11명
한국미라클피플사,"세제, 화장품 및 광택제 제조업",10년 (2014년 설립),-,주식회사,332만원,www.kmpc.co.kr,1개,110명,64명,46명/43명
케이엔제이,경영 컨설팅 및 공공 관계 서비스업,4년 (2020년 설립),-,기타 법인,"5,852만원",-,1개,2명,3명,1명/0명
엔바이오니아,"냉각, 공기 조화, 여과, 증류 및 가스 발생기 제조업",23년 (2001년 설립),-,주식회사,"3,545만원",envioneer.com,1개,71명,82명,20명/21명
팜스빌,기타 식료품 제조업,24년 (2000년 설립),"389억 5,203만원",주식회사,"3,677만원",www.pharmsville.com,1개,33명,34명,34명/36명
두산퓨얼셀,"전동기, 발전기 및 전기 변환장치 제조업",5년 (2019년 설립),"3,121억 4,900만원",주식회사,"7,664만원",www.doosanfuelcell.com,1개,478명,508명,64명/110명
라온피플,건물설비 설치 공사업,14년 (2010년 설립),"195억 8,176만원",주식회사,"6,037만원",www.laonpeople.com/,3개,109명,132명,45명/59명
솔루스첨단소재,"다이오드, 트랜지스터 및 유사 반도체 소자 제조업",5년 (2019년 설립),"1,344억 5,230만원",주식회사,"7,369만원",www.solusadvancedmaterials.com,1개,183명,189명,50명/52명
콘텐트리중앙,기타 정보 기술 및 컴퓨터 운영 관련 서비스업,37년 (1987년 설립),-,주식회사,"6,137만원",www.jcontentree.com/,2개,139명,138명,22명/34명
아톤,"텔레비전, 비디오 및 기타 영상 기기 제조업",29년 (1995년 설립),"2,403억 6,535만원",주식회사,"6,032만원",-,1개,238명,203명,24명/29명
녹십자웰빙,"의약품, 의료용품 및 화장품 도매업",20년 (2004년 설립),"1,097억 2,900만원",주식회사,"6,555만원",www.greencrosswb.com,1개,292명,289명,83명/64명
누보,,,,,,,,,,
포커스에이치엔에스,통신 공사업,5년 (2019년 설립),"616억 2,559만원",주식회사,"5,382만원",www.focushns.com,2개,105명,114명,24명/35명
엔지브이아이,자동차 엔진용 신품 부품 제조업,24년 (2000년 설립),"8억 6,900만원",주식회사,"4,190만원",www.ngvi.co.kr,1개,15명,11명,1명/1명
올리패스,자연과학 연구개발업,18년 (2006년 설립),"4,800만원",주식회사,"7,589만원",www.olipass.com,1개,65명,48명,33명/5명
라닉스,시스템ㆍ응용 소프트웨어 개발 및 공급업,21년 (2003년 설립),"92억 1,469만원",주식회사,"6,487만원",www.ranix.co.kr,1개,82명,79명,25명/24명
한독크린텍,그 외 기타 분류 안된 제품 제조업,21년 (2003년 설립),"526억 5,801만원",주식회사,"4,077만원",hdctech.co.kr,1개,214명,234명,70명/62명
아퓨어스,자연과학 연구개발업,23년 (2001년 설립),"7억 8,547만원",주식회사,"5,655만원",www.apures.com,1개,58명,22명,8명/4명
네오크레마,-,17년 (2007년 설립),229억 827만원,주식회사,"4,400만원",www.cremar.co.kr,1개,66명,70명,16명/14명
마니커에프앤지,육류 가공 및 저장 처리업,20년 (2004년 설립),"849억 2,879만원",주식회사,"4,540만원",www.manikerfng.com,1개,156명,154명,34명/34명
솔트웨어,시스템ㆍ응용 소프트웨어 개발 및 공급업,5년 (2019년 설립),-,주식회사,"4,986만원",saltware.co.kr,1개,0명,123명,19명/34명
나노브릭,사무 지원 서비스업,17년 (2007년 설립),70억 448만원,주식회사,"3,891만원",www.nanobrick.co.kr,1개,0명,48명,26명/18명
에스피시스템스,산업용 로봇 제조업,36년 (1988년 설립),"237억 5,943만원",주식회사,"3,260만원",www.spsystems.co.kr,2개,104명,72명,27명/27명
레이,광고 대행업,11년 (2013년 설립),-,외국 유한회사,"4,812만원",-,1개,631명,877명,349명/561명
그린플러스,재생용 재료 및 기타 상품 전문 도매업,5년 (2019년 설립),-,기타 법인,"2,325만원",-,1개,5명,4명,1명/1명
코윈테크,토목 시설물 건설업,26년 (1998년 설립),"717억 6,005만원",주식회사,"5,782만원",www.cowintech.com,1개,3명,247명,47명/44명
엑스페릭스,회사본부,7년 (2017년 설립),-,주식회사,"5,868만원",www.xperix.com,1개,46명,56명,23명/18명
세경하이테크,표시장치 제조업,18년 (2006년 설립),"1,332억 8,572만원",주식회사,"8,201만원",www.sghitech.co.kr/,1개,202명,209명,24명/49명
캐리,"가방, 시계, 안경 및 기타 생활용품 도매업",2년 (2022년 설립),-,,-,-,1개,4명,,
대모,자동차 제조업,47년 (1977년 설립),"27조 3,285억 5,500만원",주식회사,"11,934만원",www.mobis.co.kr,1개,"11,326명","11,890명","657명/1,005명"
에이스토리,"영화, 비디오물 및 방송 프로그램 제작업",20년 (2004년 설립),"587억 3,769만원",주식회사,"8,105만원",www.astory.co.kr,1개,45명,40명,19명/8명
플리토,그 외 기타 정보 서비스업,12년 (2012년 설립),"97억 1,135만원",주식회사,"3,447만원",www.flitto.com,1개,0명,168명,82명/113명
헥토파이낸셜,경영 컨설팅 및 공공 관계 서비스업,5년 (2019년 설립),"21억 6,260만원",기타 법인,"5,925만원",-,1개,41명,57명,30명/35명
아이스크림에듀,서적 출판업,11년 (2013년 설립),"1,338억 4,200만원",주식회사,"4,738만원",www.i-screamedu.co.kr,1개,0명,360명,166명/103명
펨토바이오메드,"측정, 시험, 항해, 제어 및 기타 정밀 기기 제조업",13년 (2011년 설립),"1억 8,337만원",주식회사,"5,340만원",www.femtobiomed.com,1개,21명,18명,13명/20명
펌텍코리아,건축용 플라스틱제품 제조업,23년 (2001년 설립),"1,594억 7,443만원",주식회사,"3,680만원",www.pum-tech.co.kr,1개,610명,608명,115명/161명
태성,전기 공사업,5년 (2019년 설립),-,주식회사,"4,338만원",-,2개,17명,30명,8명/10명
엠에프엠코리아,"방직용 섬유, 실 및 직물 도매업",5년 (2019년 설립),-,주식회사,"6,214만원",www.mfmkorea.com,1개,33명,7명,34명/6명
압타바이오,자연과학 연구개발업,15년 (2009년 설립),"2억 2,367만원",주식회사,"6,810만원",www.aptabio.com,1개,25명,31명,2명/7명
까스텔바작,의복 소매업,8년 (2016년 설립),-,주식회사,"3,983만원",www.castelbajac.com,1개,61명,39명,13명/12명
마이크로디지탈,방사선 장치 및 전기식 진단 기기 제조업,22년 (2002년 설립),43억 462만원,주식회사,"5,123만원",www.md-best.com,1개,79명,66명,17명/11명
코퍼스코리아,,,,,,,,,,
프로이천,기타 전자 부품 제조업,5년 (2019년 설립),-,주식회사,"3,889만원",-,1개,98명,98명,31명/34명
포스코퓨처엠,일차전지 및 축전지 제조업,53년 (1971년 설립),-,주식회사,"7,799만원",www.poscofuturem.com,5개,"2,402명","2,763명",260명/406명
수젠텍,기타 의료용 기기 제조업,13년 (2011년 설립),772억 104만원,주식회사,"4,565만원",www.sugentech.com,2개,130명,152명,24명/35명
컴퍼니케이,기타 금융 지원 서비스업,18년 (2006년 설립),-,주식회사,"10,565만원",www.kpartners.co.kr,1개,17명,25명,8명/12명
피에스케이,,,,,,,,,,
현대무벡스,비주거용 건물 건설업,5년 (2019년 설립),"2,377억 7,570만원",주식회사,"6,032만원",www.hyundaimovex.com/,1개,449명,515명,68명/171명
TS트릴리온,"세제, 화장품 및 광택제 제조업",5년 (2019년 설립),-,주식회사,"4,097만원",-,1개,51명,51명,16명/18명
이노벡스,엔지니어링 서비스업,11년 (2013년 설립),"30억 9,353만원",주식회사,"4,221만원",www.innovex.co.kr,1개,38명,40명,17명/18명
아모그린텍,기타 거주 복지시설 운영업,6년 (2018년 설립),-,기타 법인,"5,796만원",-,1개,4명,4명,1명/1명
현대오토에버,통신 공사업,24년 (2000년 설립),"1조 6,849억 5,315만원",주식회사,"9,423만원",www.hyundai-autoever.com,2개,"4,984명","5,295명",169명/814명
지노믹트리,"기술 시험, 검사 및 분석업",24년 (2000년 설립),"24억 1,650만원",주식회사,"4,758만원",genomictree.com/ko/,1개,82명,83명,12명/12명
이지케어텍,시스템ㆍ응용 소프트웨어 개발 및 공급업,23년 (2001년 설립),"767억 5,227만원",주식회사,"6,034만원",www.ezcaretech.com,2개,462명,462명,86명/102명
미래에셋벤처투자,신탁업 및 집합 투자업,25년 (1999년 설립),-,주식회사,"15,167만원",venture.miraeasset.co.kr,1개,34명,13명,4명/3명
드림텍,,,,,,,,,,
더블유게임즈,시스템ㆍ응용 소프트웨어 개발 및 공급업,12년 (2012년 설립),"2,133억 6,297만원",주식회사,"8,092만원",www.doubleugames.com,1개,325명,336명,59명/93명
에코프로비엠,기초 유기화학 물질 제조업,8년 (2016년 설립),"1조 4,861억 3,757만원",주식회사,"6,524만원",www.ecoprobm.co.kr,2개,"2,578명","1,420명",138명/305명
셀리드,자연과학 연구개발업,18년 (2006년 설립),9억 909만원,주식회사,"5,404만원",www.cellid.co.kr,1개,70명,60명,29명/24명
우리금융지주,그 외 기타 금융업,5년 (2019년 설립),-,주식회사,"19,480만원",www.woorifg.com/,1개,126명,90명,33명/14명
천보,건물 및 산업설비 청소업,17년 (2007년 설립),-,기타 법인,"4,128만원",-,1개,10명,7명,8명/7명
노랑풍선,여행사업,23년 (2001년 설립),25억 661만원,주식회사,"3,847만원",www.ybtour.com,1개,425명,508명,147명/243명
웹케시,시스템ㆍ응용 소프트웨어 개발 및 공급업,10년 (2014년 설립),225억 775만원,주식회사,"5,144만원",-,1개,0명,158명,27명/43명
엘에이티,기타 특수 목적용 기계 제조업,10년 (2014년 설립),"168억 8,788만원",주식회사,"4,463만원",www.latplasma.com,1개,49명,82명,9명/32명
에어부산,항공 여객 운송업,17년 (2007년 설립),"4,049억 9,300만원",주식회사,"5,170만원",www.airbusan.com,1개,"1,185명","1,201명",227명/349명
비피도,낙농제품 및 식용 빙과류 제조업,25년 (1999년 설립),"117억 6,867만원",주식회사,"3,378만원",bifido.com,1개,77명,93명,35명/38명
유틸렉스,자연과학 연구개발업,9년 (2015년 설립),"2억 2,145만원",주식회사,"6,158만원",www.eutilex.com,1개,0명,134명,38명/79명
디케이티,"부동산 중개, 자문 및 감정 평가업",1년 (2023년 설립),-,기타 법인,"2,953만원",-,1개,2명,6명,1명/5명
아이엘사이언스,조명장치 제조업,6년 (2018년 설립),"384억 8,809만원",주식회사,"5,285만원",www.ilscience.co.kr,2개,50명,54명,14명/14명
애니플러스,,,,,,,,,,
테크엔,시스템ㆍ응용 소프트웨어 개발 및 공급업,2년 (2022년 설립),-,주식회사,"5,314만원",-,1개,2명,6명,0명/2명
디와이씨,가공 공작기계 제조업,26년 (1998년 설립),-,기타 법인,"4,105만원",-,1개,7명,16명,1명/3명
위지윅스튜디오,"영화, 비디오물 및 방송 프로그램 제작업",8년 (2016년 설립),"243억 8,309만원",주식회사,"4,434만원",www.wswgstudios.com,1개,0명,35명,87명/14명
국전약품,-,6년 (2018년 설립),"853억 5,422만원",주식회사,"6,379만원",-,1개,109명,94명,19명/40명
에이비엘바이오,자연과학 연구개발업,8년 (2016년 설립),"53억 3,206만원",주식회사,"9,197만원",www.ablbio.com,1개,98명,99명,12명/9명
머큐리,광고 대행업,5년 (2019년 설립),-,기타 법인,"5,850만원",-,1개,26명,49명,26명/33명
전진바이오팜,그 외 기타 화학제품 제조업,20년 (2004년 설립),"77억 9,417만원",주식회사,"3,125만원",www.jjbio.co.kr,1개,76명,72명,79명/81명
뉴트리,식료품 소매업,12년 (2012년 설립),"2,685억 9,985만원",주식회사,"5,086만원",-,2개,167명,149명,62명/43명
비투엔,시스템ㆍ응용 소프트웨어 개발 및 공급업,20년 (2004년 설립),"248억 6,783만원",,"4,275만원",-,1개,147명,,
이노메트리,시스템ㆍ응용 소프트웨어 개발 및 공급업,16년 (2008년 설립),"446억 5,577만원",주식회사,"5,382만원",www.innometry.com,1개,194명,222명,67명/92명
에코캡,재생용 재료 및 기타 상품 전문 도매업,17년 (2007년 설립),738억 728만원,주식회사,"4,017만원",www.ecocab.co.kr,4개,239명,198명,86명/74명
원바이오젠,의료용품 및 기타 의약 관련제품 제조업,6년 (2018년 설립),-,주식회사,"4,009만원",wonbiogen.co.kr,1개,62명,69명,9명/21명
애닉,합성고무 및 플라스틱 물질 제조업,7년 (2017년 설립),-,기타 법인,"3,499만원",-,1개,5명,3명,1명/0명
남화산업,골프장 및 스키장 운영업,34년 (1990년 설립),-,주식회사,"4,456만원",www.muangc.co.kr,2개,104명,62명,18명/9명
엠아이텍,공학 연구개발업,15년 (2009년 설립),-,기타 법인,"5,423만원",-,1개,38명,33명,4명/4명
티로보틱스,시스템ㆍ응용 소프트웨어 개발 및 공급업,8년 (2016년 설립),-,주식회사,"1,200만원",-,1개,9명,7명,5명/1명
네오펙트,시스템ㆍ응용 소프트웨어 개발 및 공급업,14년 (2010년 설립),"40억 9,364만원",주식회사,"3,962만원",www.neofect.com,1개,45명,53명,18명/26명
에이펙스인텍,그 외 기타 사업 지원 서비스업,27년 (1997년 설립),212억 574만원,주식회사,"4,324만원",www.apexint.co.kr,1개,66명,70명,26명/30명
티앤알바이오팹,기타 의료용 기기 제조업,11년 (2013년 설립),"32억 3,467만원",주식회사,"4,617만원",www.tnrbiofab.com,1개,92명,98명,27명/41명
나라소프트,시스템ㆍ응용 소프트웨어 개발 및 공급업,22년 (2002년 설립),-,주식회사,"4,066만원",www.narasoft.com,1개,7명,4명,3명/2명
아시아나IDT,"컴퓨터 시스템 통합 자문, 구축 및 관리업",33년 (1991년 설립),"1,813억 6,600만원",주식회사,"6,359만원",www.asianaidt.com,2개,438명,429명,64명/62명
디알젬,방사선 장치 및 전기식 진단 기기 제조업,21년 (2003년 설립),"858억 1,303만원",주식회사,"5,431만원",www.drgem.co.kr,1개,128명,131명,30명/36명
싸이토젠,반도체 및 디스플레이 제조용 기계 제조업,14년 (2010년 설립),"3억 4,784만원",주식회사,"4,920만원",cytogenlab.com,1개,54명,62명,18명/20명
아주IB투자,여신 금융업,50년 (1974년 설립),-,주식회사,"10,875만원",www.ajuib.co.kr,1개,53명,55명,8명/10명
파멥신,공학 연구개발업,16년 (2008년 설립),"6,769만원",주식회사,"6,977만원",www.pharmabcine.com/,1개,39명,34명,12명/11명
디케이앤디,겉옷 제조업,29년 (1995년 설립),"167억 7,510만원",주식회사,"5,219만원",-,1개,26명,23명,9명/4명
퀀텀온,"전동기, 발전기 및 전기 변환장치 제조업",12년 (2012년 설립),-,주식회사,"5,294만원",designcorp.co.kr,1개,15명,13명,39명/41명
노바렉스,기타 식료품 제조업,16년 (2008년 설립),"2,783억 2,736만원",주식회사,"4,899만원",www.novarex.co.kr,1개,396명,415명,88명/105명
셀리버리,기타 종이 및 판지 제품 제조업,26년 (1998년 설립),"321억 3,091만원",주식회사,"3,416만원",-,1개,60명,36명,32명/14명
대보마그네틱,건물설비 설치 공사업,30년 (1994년 설립),"429억 1,955만원",주식회사,"5,782만원",www.daebo.com,2개,72명,95명,81명/72명
노바텍,재생용 재료 및 기타 상품 전문 도매업,17년 (2007년 설립),"173억 5,648만원",주식회사,"7,861만원",www.mynovatech.com,1개,48명,53명,14명/20명
엘앤씨바이오,의료용품 및 기타 의약 관련제품 제조업,13년 (2011년 설립),"361억 6,931만원",주식회사,"4,689만원",www.lncbio.co.kr,1개,106명,129명,31명/38명
네온테크,간판 및 광고물 제조업,18년 (2006년 설립),-,주식회사,"5,852만원",-,1개,3명,4명,1명/0명
로보티즈,시스템ㆍ응용 소프트웨어 개발 및 공급업,25년 (1999년 설립),"200억 2,399만원",주식회사,"5,406만원",www.robotis.com,1개,145명,156명,22명/32명
옵티팜,기타 축산업,16년 (2008년 설립),-,기타 법인,"4,929만원",-,1개,5명,6명,0명/1명
에스퓨얼셀,회사본부,10년 (2014년 설립),"471억 4,698만원",주식회사,"4,000만원",www.s-fuelcell.com/,3개,128명,54명,12명/9명
세아제강,철강관 제조업,64년 (1960년 설립),-,주식회사,"9,840만원",www.seahsteel.co.kr/company/holdings/,1개,44명,57명,13명/26명
푸드나무,통신 판매업,11년 (2013년 설립),"1,668억 3,329만원",주식회사,"3,507만원",www.foodnamoo.com,1개,216명,124명,107명/34명
하나제약,완제 의약품 제조업,46년 (1978년 설립),"2,108억 4,500만원",주식회사,"5,981만원",www.hanaph.co.kr,1개,650명,702명,136명/152명
크리스에프앤씨,기타 봉제의복 제조업,26년 (1998년 설립),"3,759억 3,907만원",주식회사,"5,593만원",www.creas.co.kr,1개,332명,329명,109명/129명
더블유에스아이,"의약품, 의료용품 및 화장품 도매업",6년 (2018년 설립),-,주식회사,"3,827만원",-,1개,28명,33명,5명/9명
한국비티비,기타 기계 및 장비 도매업,0년 (2024년 설립),-,기타 법인,"3,506만원",-,1개,3명,3명,0명/3명
우진아이엔에스,건물설비 설치 공사업,49년 (1975년 설립),-,주식회사,"5,376만원",www.woojini.com,1개,484명,74명,9명/16명
엔피,시스템ㆍ응용 소프트웨어 개발 및 공급업,13년 (2011년 설립),-,주식회사,"4,206만원",-,1개,11명,17명,6명/10명
피엔티엠에스,"섬유, 의복 및 가죽 가공기계 제조업",23년 (2001년 설립),"62억 1,722만원",주식회사,"4,500만원",www.ms-mc.co.kr,1개,43명,54명,20명/28명
엔솔바이오사이언스,시스템ㆍ응용 소프트웨어 개발 및 공급업,23년 (2001년 설립),"8억 5,951만원",주식회사,"6,198만원",www.ensolbio.co.kr,1개,44명,32명,23명/10명
디지캡,시스템ㆍ응용 소프트웨어 개발 및 공급업,24년 (2000년 설립),"164억 1,431만원",주식회사,"6,215만원",www.digicaps.com,1개,99명,111명,11명/18명
지니틱스,엔지니어링 서비스업,6년 (2018년 설립),"276억 1,113만원",주식회사,"7,077만원",www.zinitix.com,1개,81명,81명,15명/11명
액트로,엔지니어링 서비스업,12년 (2012년 설립),"293억 9,980만원",주식회사,"6,626만원",www.actro.co.kr,1개,53명,51명,10명/8명
오파스넷,"컴퓨터 시스템 통합 자문, 구축 및 관리업",20년 (2004년 설립),"1,216억 9,210만원",주식회사,"6,444만원",www.opasnet.co.kr,1개,349명,385명,76명/111명
브이엠,시스템ㆍ응용 소프트웨어 개발 및 공급업,0년 (2024년 설립),"116억 8,359만원",기타 법인,"5,702만원",-,1개,0명,152명,16명/44명
바이오솔루션,식료품 소매업,20년 (2004년 설립),-,주식회사,"4,566만원",-,1개,5명,7명,3명/1명
더콘텐츠온,"영화, 비디오물 및 방송 프로그램 배급업",12년 (2012년 설립),"265억 7,271만원",주식회사,"4,431만원",www.tcokr.com,1개,0명,12명,1명/1명
대유,재생용 재료 및 기타 상품 전문 도매업,18년 (2006년 설립),-,주식회사,"4,082만원",-,1개,22명,22명,15명/15명
디아이티,,,,,,,,,,
에스에스알,시스템ㆍ응용 소프트웨어 개발 및 공급업,14년 (2010년 설립),125억 900만원,주식회사,"4,751만원",www.ssrinc.co.kr,1개,95명,93명,25명/19명
한일시멘트,"시멘트, 석회 및 플라스터 제조업",6년 (2018년 설립),"9,075억 3,324만원",주식회사,"8,625만원",www.hanilcement.com,1개,120명,670명,68명/83명
휴네시온,시스템ㆍ응용 소프트웨어 개발 및 공급업,21년 (2003년 설립),"254억 5,474만원",주식회사,"6,111만원",www.hunesion.com,1개,160명,170명,24명/33명
티웨이항공,항공 여객 운송업,21년 (2003년 설립),"2,144억 4,078만원",주식회사,"5,469만원",www.twayair.com,1개,"1,853명","2,881명","221명/1,066명"
롯데이노베이트,시스템ㆍ응용 소프트웨어 개발 및 공급업,7년 (2017년 설립),"9,125억 9,981만원",주식회사,"7,100만원",www.ldcc.co.kr,2개,"3,090명","2,783명",167명/152명
한국유니온제약,완제 의약품 제조업,39년 (1985년 설립),-,주식회사,"3,964만원",www.ukp.co.kr/,1개,208명,176명,67명/48명
그리티,의복 소매업,25년 (1999년 설립),"1,041억 1,638만원",주식회사,"6,069만원",www.gritees.com,1개,105명,114명,21명/21명
알로이스,유선 통신장비 제조업,6년 (2018년 설립),"287억 4,420만원",주식회사,"7,441만원",www.aloys.co.kr,1개,33명,43명,3명/5명
올릭스,재생용 재료 및 기타 상품 전문 도매업,4년 (2020년 설립),-,주식회사,"5,852만원",-,1개,4명,3명,5명/3명
테크트랜스,전기 공급 및 제어장치 제조업,13년 (2011년 설립),"1억 3,113만원",주식회사,"2,931만원",www.techtrans.co.kr,1개,4명,8명,2명/1명
효성중공업,그 외 기타 금융업,26년 (1998년 설립),-,기타 법인,"5,562만원",-,1개,5명,4명,0명/1명
효성첨단소재,직물 직조업,6년 (2018년 설립),-,기타 법인,"6,032만원",-,1개,541명,217명,26명/19명
효성티앤씨,보관 및 창고업,6년 (2018년 설립),-,기타 법인,"5,379만원",-,1개,19명,23명,2명/4명
효성화학,기초 유기화학 물질 제조업,6년 (2018년 설립),-,기타 법인,"6,032만원",-,1개,144명,150명,18명/22명
아이큐어,"세제, 화장품 및 광택제 제조업",4년 (2020년 설립),-,주식회사,"3,071만원",-,1개,70명,82명,72명/94명
엘리비젼,건물설비 설치 공사업,20년 (2004년 설립),-,주식회사,"4,235만원",www.elivision.com/,2개,19명,14명,18명/12명
지앤이헬스케어,그 외 기타 섬유제품 제조업,10년 (2014년 설립),"37억 8,400만원",주식회사,"3,503만원",www.hannahpad.com,1개,20명,10명,2명/0명
에스엠비나,기타 봉제의복 제조업,9년 (2015년 설립),-,주식회사,"5,212만원",www.smvina.co.kr,1개,10명,4명,3명/0명
HDC현대산업개발,부동산 개발 및 공급업,6년 (2018년 설립),"3조 4,306억 7,258만원",주식회사,"8,025만원",www.hdc-dvp.com,3개,"4,444명","1,861명",394명/435명
카이노스메드,"그 외 기타 전문, 과학 및 기술 서비스업",7년 (2017년 설립),-,주식회사,"7,589만원",www.kainosmedicine.com,1개,20명,16명,0명/0명
파워넷,유선 통신장비 제조업,31년 (1993년 설립),"2,078억 5,648만원",주식회사,"6,116만원",www.gopowernet.com,1개,121명,127명,14명/24명
현대사료,동물용 사료 및 조제식품 제조업,41년 (1983년 설립),-,주식회사,"5,411만원",www.canariabio.com,1개,78명,68명,5명/5명
세종메디칼,-,14년 (2010년 설립),"160억 8,292만원",주식회사,"3,318만원",www.sejongmedical.com,1개,120명,132명,16명/19명
제노레이,기타 의료용 기기 제조업,23년 (2001년 설립),"706억 1,761만원",주식회사,"4,677만원",www.genoray.com,1개,275명,331명,66명/129명
제이시스메디칼,,,,,,,,,,
에스제이켐,"잉크, 페인트, 코팅제 및 유사제품 제조업",15년 (2009년 설립),-,,"4,964만원",-,1개,3명,,
JTC,기타 일반 목적용 기계 제조업,5년 (2019년 설립),-,기타 법인,"5,238만원",-,1개,6명,13명,3명/7명
네오셈,반도체 및 디스플레이 제조용 기계 제조업,8년 (2016년 설립),"345억 8,588만원",주식회사,"5,203만원",www.neosem.com,1개,118명,117명,29명/30명
케어랩스,광고 대행업,12년 (2012년 설립),"546억 2,196만원",주식회사,"6,811만원",https://www.carelabs.co.kr/,1개,80명,84명,34명/43명
애경산업,자연과학 연구개발업,39년 (1985년 설립),"5,684억 5,834만원",주식회사,"6,606만원",www.aekyung.co.kr,1개,87명,443명,91명/87명
린드먼아시아,경영 컨설팅 및 공공 관계 서비스업,18년 (2006년 설립),-,주식회사,"8,533만원",www.laic.kr,1개,12명,12명,4명/3명
오스테오닉,기타 의료용 기기 제조업,12년 (2012년 설립),"155억 9,779만원",주식회사,"4,326만원",www.osteonic.com,1개,113명,149명,21명/45명
엔지켐생명과학,자연과학 연구개발업,25년 (1999년 설립),"229억 7,549만원",주식회사,"4,745만원",www.enzychem.co.kr,1개,58명,52명,14명/16명
동구바이오제약,완제 의약품 제조업,41년 (1983년 설립),"1,551억 3,134만원",주식회사,"5,355만원",www.dongkoo.com,1개,123명,404명,96명/122명
아시아종묘,산업용 농ㆍ축산물 및 동ㆍ식물 도매업,20년 (2004년 설립),"241억 4,070만원",주식회사,"3,291만원",www.asiaseed.kr,1개,193명,164명,46명/43명
알리코제약,완제 의약품 제조업,32년 (1992년 설립),"1,677억 3,712만원",주식회사,"4,742만원",www.arlico.co.kr,2개,187명,211명,52명/87명
셀트리온,자연과학 연구개발업,5년 (2019년 설립),-,기타 법인,"5,641만원",-,1개,20명,30명,9명/20명
카페24,시스템ㆍ응용 소프트웨어 개발 및 공급업,25년 (1999년 설립),"1,952억 4,858만원",주식회사,"7,108만원",www.cafe24.com,1개,"1,184명","1,011명",166명/47명
링크제니시스,통신 공사업,21년 (2003년 설립),152억 779만원,주식회사,"5,082만원",www.linkgenesis.co.kr,1개,2명,117명,25명/33명
배럴,"생활용 섬유제품, 의복, 의복 액세서리 및 모피제품 도매업",10년 (2014년 설립),"1,595억 2,069만원",주식회사,"4,303만원",-,1개,292명,344명,170명/201명
SG,그 외 기타 정보 서비스업,24년 (2000년 설립),"1,867억 9,427만원",주식회사,"6,074만원",www.surplusglobal.com,1개,65명,88명,15명/31명
씨앤지하이테크,건물설비 설치 공사업,22년 (2002년 설립),"1,014억 267만원",주식회사,"5,508만원",www.cnghitech.com,1개,132명,173명,100명/72명
쿠쿠홈시스,기타 무점포 소매업,7년 (2017년 설립),"6,532억 103만원",주식회사,"6,003만원","www,cuckoo.co.kr",2개,"2,557명",731명,181명/246명
SK케미칼,-,7년 (2017년 설립),-,주식회사,"6,032만원",www.skchemicals.com,2개,558명,367명,50명/73명
시스웍,"측정, 시험, 항해, 제어 및 기타 정밀 기기 제조업",20년 (2004년 설립),"171억 9,479만원",주식회사,"7,056만원",www.syswork.co.kr,1개,30명,24명,15명/11명
디바이스이엔지,기타 특수 목적용 기계 제조업,22년 (2002년 설립),"1,250억 6,766만원",주식회사,"5,349만원",www.deviceeng.co.kr,1개,158명,149명,9명/6명
씨알푸드,곡물 가공품 제조업,17년 (2007년 설립),184억 600만원,주식회사,"4,542만원",www.crfood.co.kr,1개,76명,74명,23명/22명
레이크머티리얼즈,그 외 기타 화학제품 제조업,4년 (2020년 설립),-,기타 법인,"5,276만원",-,1개,144명,155명,48명/48명
BGF리테일,음ㆍ식료품 위주 종합 소매업,7년 (2017년 설립),"6조 7,620억 8,887만원",주식회사,"4,936만원",www.bgfretail.com,1개,"3,224명","3,223명","1,586명/1,708명"
동양피스톤,자동차 차체용 신품 부품 제조업,47년 (1977년 설립),"2,947억 2,212만원",주식회사,"7,988만원",www.dypiston.co.kr,1개,578명,568명,82명/86명
진에어,기타 일반 목적용 기계 제조업,19년 (2005년 설립),-,기타 법인,"3,726만원",-,1개,5명,5명,2명/2명
씨티케이,회사본부,7년 (2017년 설립),-,주식회사,"5,901만원",www.ictk.com,1개,44명,56명,8명/22명
메카로,기타 전기장비 제조업,5년 (2019년 설립),-,기타 법인,"5,557만원",-,1개,16명,20명,1명/3명
케이씨텍,반도체 및 디스플레이 제조용 기계 제조업,7년 (2017년 설립),"3,781억 9,295만원",주식회사,"6,663만원",www.kctech.co.kr,1개,794명,777명,109명/112명
체리부로,그 외 기타 상품 전문 소매업,14년 (2010년 설립),-,기타 법인,"3,655만원",-,1개,3명,3명,0명/0명
대원,자동차 신품 부품 및 내장품 판매업,26년 (1998년 설립),-,기타 법인,"5,882만원",-,1개,37명,40명,7명/9명
비즈니스온,시스템ㆍ응용 소프트웨어 개발 및 공급업,17년 (2007년 설립),"182억 5,243만원",주식회사,"6,338만원",www.businesson.co.kr,1개,0명,103명,35명/48명
동아타이어,고무 타이어 및 튜브 생산업,7년 (2017년 설립),"1,785억 7,215만원",주식회사,"5,133만원",www.dongahtire.co.kr,1개,363명,409명,100명/87명
삼양패키징,포장용 플라스틱제품 제조업,9년 (2015년 설립),-,기타 법인,"5,932만원",-,1개,57명,60명,3명/7명
코오롱티슈진,식료품 소매업,20년 (2004년 설립),-,외국 주식회사,"5,601만원",-,1개,12명,15명,3명/4명
EMB,전자집적회로 제조업,5년 (2019년 설립),"64억 4,231만원",기타 법인,"5,320만원",-,1개,45명,61명,7명/21명
테이팩스,1차 플라스틱제품 제조업,5년 (2019년 설립),-,기타 법인,"5,932만원",-,1개,62명,54명,15명/10명
롯데웰푸드,,,,,,,,,,
탑선,회계 및 세무관련 서비스업,5년 (2019년 설립),-,기타 법인,"4,792만원",-,1개,5명,5명,2명/1명
영화테크,자동차용 기타 신품 부품 제조업,4년 (2020년 설립),-,기타 법인,"3,052만원",-,1개,1명,3명,0명/1명
폴라리스세원,자동차 차체용 신품 부품 제조업,33년 (1991년 설립),-,주식회사,"3,021만원",www.polaris-sewon.com,1개,214명,200명,55명/50명
상신전자,기타 전자 부품 제조업,36년 (1988년 설립),"969억 9,402만원",주식회사,"4,193만원",www.sangshin-e.com,1개,114명,120명,16명/18명
야스,산업용 로봇 제조업,26년 (1998년 설립),"731억 5,846만원",기타 법인,"6,032만원",-,2개,268명,129명,11명/22명
인산가,신선 식품 및 단순 가공 식품 도매업,7년 (2017년 설립),-,주식회사,"5,079만원",www.insanga.co.kr,2개,202명,97명,25명/29명
휴엠앤씨,판유리 및 판유리 가공품 제조업,22년 (2002년 설립),-,주식회사,"4,196만원",humnc.com,2개,184명,99명,43명/17명
신흥에스이씨,-,15년 (2009년 설립),"1,842억 8,977만원",주식회사,"3,160만원",www.shsec.co.kr,3개,864명,330명,228명/108명
유티아이,컴퓨터 제조업,24년 (2000년 설립),-,기타 법인,"4,025만원",-,1개,18명,14명,6명/7명
선익시스템,기타 특수 목적용 기계 제조업,34년 (1990년 설립),"449억 2,890만원",주식회사,"6,360만원",www.sunic.co.kr,1개,180명,196명,19명/31명
엠플러스,기타 특수 목적용 기계 제조업,21년 (2003년 설립),"764억 8,180만원",주식회사,"5,125만원",www.mplusi.co.kr,1개,310명,370명,90명/111명
앱클론,자연과학 연구개발업,14년 (2010년 설립),34억 600만원,주식회사,"5,500만원",www.abclon.com,1개,60명,61명,5명/9명
어스앤에어로스페이스,항공기용 엔진 및 부품 제조업,22년 (2002년 설립),"337억 5,612만원",주식회사,"13,490만원",www.samcokorea.com,2개,135명,7명,119명/6명
펄어비스,게임 소프트웨어 개발 및 공급업,14년 (2010년 설립),"2,659억 6,484만원",주식회사,"10,648만원",www.pearlabyss.com,2개,739명,733명,260명/251명
케이피에스,직물제품 제조업,11년 (2013년 설립),-,주식회사,"3,493만원",-,1개,3명,6명,2명/3명
덕우전자,자동차용 기타 신품 부품 제조업,32년 (1992년 설립),"1,493억 8,936만원",주식회사,"5,106만원",www.derkwoo.com,2개,191명,290명,132명/104명
지오릿에너지,엔지니어링 서비스업,7년 (2017년 설립),-,주식회사,"4,929만원",genone.co.kr,2개,68명,40명,16명/22명
케일럼,기타 일반 목적용 기계 제조업,15년 (2009년 설립),-,주식회사,"3,518만원",www.ewkinc.co.kr,1개,42명,38명,17명/12명
알에스오토메이션,기타 전자 부품 제조업,15년 (2009년 설립),"1,087억 139만원",주식회사,"5,331만원",www.rsautomation.co.kr,1개,201명,158명,33명/14명
컬러레이,"의약품, 의료용품 및 화장품 도매업",4년 (2020년 설립),-,주식회사,"3,233만원",-,1개,1명,3명,0명/1명
와이즈버즈,광고 대행업,12년 (2012년 설립),"193억 2,068만원",기타 법인,"4,605만원",-,1개,147명,191명,48명/69명
모트렉스,기타 기계 및 장비 도매업,23년 (2001년 설립),"2,897억 6,852만원",주식회사,"7,126만원",www.motrex.co.kr,1개,362명,419명,71명/121명
데이타솔루션,-,15년 (2009년 설립),-,기타 법인,"2,686만원",-,2개,4명,5명,0명/0명
지니언스,시스템ㆍ응용 소프트웨어 개발 및 공급업,19년 (2005년 설립),"314억 6,491만원",주식회사,"6,546만원",www.genians.co.kr/,1개,180명,193명,25명/31명
디앤씨미디어,서적 출판업,12년 (2012년 설립),"255억 7,299만원",주식회사,"3,176만원",www.dncmedia.co.kr,2개,49명,100명,25명/80명
루켄테크놀러지스,"측정, 시험, 항해, 제어 및 기타 정밀 기기 제조업",17년 (2007년 설립),"301억 1,702만원",주식회사,"3,632만원",www.luken.co.kr,1개,96명,111명,70명/68명
힘스,"베어링, 기어 및 동력 전달장치 제조업",11년 (2013년 설립),-,기타 법인,"5,113만원",-,1개,7명,7명,0명/0명
제일약품,완제 의약품 제조업,7년 (2017년 설립),"7,016억 3,737만원",주식회사,"6,344만원",www.jeilpharm.co.kr,1개,"1,010명",957명,226명/192명
브이원텍,시스템ㆍ응용 소프트웨어 개발 및 공급업,18년 (2006년 설립),428억 886만원,주식회사,"4,888만원",www.v-one.co.kr,1개,87명,120명,13명/32명
아우딘퓨쳐스,"세제, 화장품 및 광택제 제조업",24년 (2000년 설립),-,주식회사,"3,832만원",www.outinco.com,1개,28명,99명,44명/50명
이녹스첨단소재,인쇄회로기판 및 전자부품 실장기판 제조업,7년 (2017년 설립),"4,458억 5,106만원",주식회사,"6,999만원",www.innoxamc.com,1개,753명,752명,84명/106명
카카오,기타 금융 지원 서비스업,16년 (2008년 설립),-,기타 법인,"6,032만원",-,1개,344명,322명,102명/75명
오리온,비알코올 음료 및 얼음 제조업,8년 (2016년 설립),-,기타 법인,"4,624만원",-,1개,35명,36명,6명/5명
하림지주,그 외 기타 금융업,74년 (1950년 설립),"448억 6,386만원",주식회사,"8,544만원",www.harimholdings.co.kr,1개,51명,67명,14명/17명
덴티스,시스템ㆍ응용 소프트웨어 개발 및 공급업,3년 (2021년 설립),-,기타 법인,"5,852만원",-,1개,2명,11명,0명/0명
메디안디노스틱,의료용품 및 기타 의약 관련제품 제조업,25년 (1999년 설립),-,주식회사,"4,552만원",www.mediandiagnostics.com,1개,81명,78명,18명/14명
나인테크,전기 공급 및 제어장치 제조업,1년 (2023년 설립),-,기타 법인,"4,285만원",-,1개,9명,19명,3명/8명
에스알바이오텍,"세제, 화장품 및 광택제 제조업",17년 (2007년 설립),"74억 1,200만원",주식회사,"3,782만원",srbiotek.com/,1개,24명,22명,16명/16명
뿌리깊은나무들,"영화, 비디오물 및 방송 프로그램 배급업",14년 (2010년 설립),-,주식회사,"6,282만원",www.redwoods.co.kr,1개,14명,10명,12명/7명
보라티알,가공식품 도매업,9년 (2015년 설립),"528억 7,896만원",주식회사,"5,027만원",www.boratr.co.kr,1개,41명,38명,22명/19명
매일유업,-,7년 (2017년 설립),"1조 5,435억 7,264만원",주식회사,"7,626만원",www.maeil.com,1개,"2,093명","2,005명",238명/192명
이랜시스,기타 전기장비 제조업,7년 (2017년 설립),-,주식회사,"4,290만원",www.elensys.co.kr,1개,141명,123명,25명/21명
필옵틱스,가공 공작기계 제조업,4년 (2020년 설립),"1,651억 5,196만원",주식회사,"4,577만원",philenergy.co.kr,1개,246명,303명,43명/93명
경동도시가스,연료용 가스 제조 및 배관공급업,7년 (2017년 설립),"1조 4,563억 8,593만원",주식회사,"9,348만원",www.kdgas.co.kr,2개,295명,273명,18명/18명
넷마블,게임 소프트웨어 개발 및 공급업,13년 (2011년 설립),"1조 3,195억 9,571만원",주식회사,"7,549만원",company.netmarble.com,2개,841명,765명,171명/108명
HD현대,엔지니어링 서비스업,8년 (2016년 설립),-,,-,-,1개,527명,,
포인트엔지니어링,"금속 열처리, 도금 및 기타 금속 가공업",8년 (2016년 설립),422억 428만원,주식회사,"5,496만원",www.pointeng.co.kr,1개,174명,162명,46명/42명
하나머티리얼즈,전자집적회로 제조업,17년 (2007년 설립),"3,073억 2,400만원",주식회사,"6,264만원",hanamts.com,1개,731명,712명,108명/109명
소프트캠프,경영 컨설팅 및 공공 관계 서비스업,8년 (2016년 설립),"202억 9,212만원",주식회사,"6,135만원",www.softcamp.co.kr,1개,129명,137명,34명/30명
와이엠티,그 외 기타 화학제품 제조업,25년 (1999년 설립),"795억 3,154만원",주식회사,"6,289만원",www.ymtechnology.com,1개,184명,143명,72명/26명
크라운제과,가공식품 도매업,7년 (2017년 설립),"4,136억 3,800만원",주식회사,"4,758만원",www.crown.co.kr,1개,"1,332명","1,203명",278명/253명
유에스티,반도체 및 디스플레이 제조용 기계 제조업,10년 (2014년 설립),"119억 1,670만원",,"3,628만원",-,1개,32명,,
이엘피,"측정, 시험, 항해, 제어 및 기타 정밀 기기 제조업",25년 (1999년 설립),"234억 9,602만원",주식회사,"5,399만원",www.elp.co.kr,1개,138명,130명,26명/27명
유비쿼스,기타 금융 지원 서비스업,10년 (2014년 설립),-,기타 법인,"5,852만원",-,1개,9명,11명,0명/2명
서진시스템,-,9년 (2015년 설립),-,기타 법인,"1,715만원",-,1개,2명,5명,1명/1명
코미코,"다이오드, 트랜지스터 및 유사 반도체 소자 제조업",11년 (2013년 설립),"1,203억 2,734만원",주식회사,"5,676만원",www.komico.com,1개,721명,688명,158명/159명
아스타,시스템ㆍ응용 소프트웨어 개발 및 공급업,1년 (2023년 설립),-,주식회사,"4,339만원",-,1개,3명,3명,5명/1명
덴티움,"도장, 도배 및 내장 공사업",24년 (2000년 설립),"2,252억 4,207만원",주식회사,"5,654만원",www.dentium.co.kr,1개,8명,814명,267명/288명
에스디생명공학,"의약품, 의료용품 및 화장품 도매업",16년 (2008년 설립),"783억 8,400만원",주식회사,"8,202만원",sdbiotech.co.kr,1개,149명,67명,37명/43명
신신제약,기타 건축 마무리 공사업,65년 (1959년 설립),"736억 8,723만원",주식회사,"5,555만원",www.sinsin.com,2개,332명,337명,56명/71명
에프엔에스테크,방송 및 무선 통신장비 제조업,4년 (2020년 설립),-,기타 법인,"3,050만원",-,1개,5명,6명,0명/2명
모바일어플라이언스,유선 통신장비 제조업,20년 (2004년 설립),-,주식회사,"6,529만원",www.mobileappliance.co.kr,1개,57명,48명,9명/3명
피씨엘,기초 의약 물질 및 생물학적 제제 제조업,16년 (2008년 설립),"461억 4,752만원",주식회사,"4,726만원",www.pclchip.com,1개,46명,33명,15명/11명
호전실업,"생활용 섬유제품, 의복, 의복 액세서리 및 모피제품 도매업",39년 (1985년 설립),"3,181억 778만원",주식회사,"5,922만원",www.hojeon.com,1개,150명,145명,28명/38명
서플러스글로벌,그 외 기타 정보 서비스업,24년 (2000년 설립),"1,867억 9,427만원",주식회사,"6,074만원",www.surplusglobal.com,1개,65명,88명,15명/31명
유바이오로직스,기초 의약 물질 및 생물학적 제제 제조업,5년 (2019년 설립),-,기타 법인,"4,964만원",-,1개,175명,203명,50명/65명
도부마스크,기타 광고업,17년 (2007년 설립),"47억 1,386만원",주식회사,"5,028만원",www.dobumask.asia,1개,11명,3명,9명/1명
한국비엔씨,의료용품 및 기타 의약 관련제품 제조업,8년 (2016년 설립),"252억 4,862만원",주식회사,"5,051만원",www.bnckorea.co.kr,1개,129명,129명,23명/41명
DSC인베스트먼트,보험 및 연금관련 서비스업,12년 (2012년 설립),-,주식회사,"16,254만원",www.dscinvestment.com,1개,24명,34명,15명/22명
셀젠텍,시스템ㆍ응용 소프트웨어 개발 및 공급업,22년 (2002년 설립),"211억 2,645만원",주식회사,"4,862만원",cellgentek.co.kr,1개,46명,12명,42명/12명
피엠티,"측정, 시험, 항해, 제어 및 기타 정밀 기기 제조업",20년 (2004년 설립),-,주식회사,"5,582만원",pmt23.com,1개,186명,184명,41명/59명
바이오프로테크,기타 의료용 기기 제조업,24년 (2000년 설립),"181억 1,081만원",주식회사,"4,573만원",www.protechsite.com,1개,84명,87명,15명/14명
애니젠,의료용품 및 기타 의약 관련제품 제조업,24년 (2000년 설립),"102억 6,684만원",주식회사,"4,004만원",www.anygen.com,1개,119명,79명,30명/13명
유니온커뮤니티,"측정, 시험, 항해, 제어 및 기타 정밀 기기 제조업",24년 (2000년 설립),"390억 2,342만원",주식회사,"5,325만원",www.unioncomm.co.kr,2개,136명,140명,29명/32명
신라젠,자연과학 연구개발업,18년 (2006년 설립),"2억 5,436만원",주식회사,"8,424만원",www.sillajen.com,1개,45명,46명,14명/11명
자비스,시스템ㆍ응용 소프트웨어 개발 및 공급업,9년 (2015년 설립),"313억 5,932만원",주식회사,"6,032만원",-,1개,113명,175명,65명/86명
핸즈코퍼레이션,자동차용 기타 신품 부품 제조업,52년 (1972년 설립),"4,358억 1,945만원",주식회사,"5,790만원",www.handscorp.co.kr,1개,"1,032명",808명,92명/61명
퓨쳐켐,기타 기계 및 장비 도매업,21년 (2003년 설립),-,기타 법인,"4,758만원",-,1개,31명,25명,6명/0명
뉴파워프라즈마,방송 및 무선 통신장비 제조업,14년 (2010년 설립),-,기타 법인,"4,924만원",-,1개,11명,9명,6명/1명
엘앤케이바이오,기타 의료용 기기 제조업,16년 (2008년 설립),"87억 2,432만원",주식회사,"6,105만원",www.lnkbiomed.com,1개,62명,76명,29명/42명
에스엘테라퓨틱스,자연과학 연구개발업,13년 (2011년 설립),"2억 3,119만원",주식회사,"7,316만원",www.stemlab.co.kr,1개,8명,3명,3명/0명
핸디소프트,기타 정보 기술 및 컴퓨터 운영 관련 서비스업,15년 (2009년 설립),"170억 4,488만원",주식회사,"5,194만원",www.handysoft.co.kr,1개,101명,113명,32명/39명
두산밥캣,그 외 기타 금융업,10년 (2014년 설립),"298억 3,515만원",주식회사,"12,079만원",www.doosanbobcat.com,1개,132명,166명,28명/44명
삼성바이오로직스,-,13년 (2011년 설립),"1조 5,680억 692만원",주식회사,"10,206만원",www.samsungbiologics.com,1개,"4,502명","4,667명",464명/755명
클리오,,,,,,,,,,
세화피앤씨,완제 의약품 제조업,8년 (2016년 설립),"379억 1,874만원",주식회사,"5,317만원",www.sewha.co.kr,1개,97명,95명,9명/10명
굿센,시스템ㆍ응용 소프트웨어 개발 및 공급업,20년 (2004년 설립),247억 983만원,주식회사,"4,403만원",www.goodcen.com,1개,139명,140명,53명/49명
인크로스,시스템ㆍ응용 소프트웨어 개발 및 공급업,17년 (2007년 설립),"484억 1,862만원",주식회사,"5,553만원",www.incross.com,1개,273명,262명,78명/60명
에이치엘사이언스,기타 식료품 제조업,24년 (2000년 설립),"1,043억 7,540만원",주식회사,"3,891만원",www.hlscience.com,1개,0명,87명,21명/24명
코스메카코리아,"세제, 화장품 및 광택제 제조업",25년 (1999년 설립),"2,173억 6,458만원",주식회사,"5,267만원",www.cosmecca.com,1개,479명,428명,84명/79명
안지오랩,자연과학 연구개발업,25년 (1999년 설립),10억 600만원,주식회사,"5,414만원",www.angiolab.co.kr,1개,17명,18명,0명/1명
인텔리안테크,"가전제품, 통신장비 및 부품 도매업",20년 (2004년 설립),"1,231억 591만원",주식회사,"6,672만원",www.intelliantech.com,3개,177명,451명,97명/108명
에이치시티,"기술 시험, 검사 및 분석업",24년 (2000년 설립),"616억 8,426만원",주식회사,"5,438만원",www.hct.co.kr,1개,414명,420명,39명/83명
잉글우드랩,"세제, 화장품 및 광택제 제조업",20년 (2004년 설립),"505억 2,670만원",주식회사,"4,242만원",-,1개,100명,103명,40명/35명
앤디포스,1차 플라스틱제품 제조업,14년 (2010년 설립),"607억 2,292만원",주식회사,"5,606만원",www.ndfos.com,1개,122명,117명,55명/39명
수산아이앤티,시스템ㆍ응용 소프트웨어 개발 및 공급업,26년 (1998년 설립),"208억 4,752만원",주식회사,"5,461만원",www.soosanint.co.kr,2개,86명,108명,13명/30명
미투온,시스템ㆍ응용 소프트웨어 개발 및 공급업,14년 (2010년 설립),"137억 6,481만원",주식회사,"5,043만원",www.me2on.com,1개,38명,41명,17명/21명
화승엔터프라이즈,그 외 기타 금융업,9년 (2015년 설립),-,주식회사,"7,020만원",www.hsenterprise.co.kr,1개,5명,7명,2명/0명
예선테크,기타 플라스틱 제품 제조업,8년 (2016년 설립),-,주식회사,"4,089만원",-,1개,160명,138명,38명/40명
유니테크노,기계장비 조립용 플라스틱제품 제조업,12년 (2012년 설립),-,기타 법인,"4,303만원",-,1개,71명,60명,26명/17명
모비스,자동차 제조업,47년 (1977년 설립),"27조 3,285억 5,500만원",주식회사,"11,934만원",www.mobis.co.kr,1개,"11,326명","11,890명","657명/1,005명"
나무기술,시스템ㆍ응용 소프트웨어 개발 및 공급업,8년 (2016년 설립),"656억 3,083만원",주식회사,"5,697만원",namutech.co.kr,1개,132명,122명,28명/30명
자이글,가정용 전기 기기 제조업,16년 (2008년 설립),"149억 9,300만원",주식회사,"5,895만원",www.zaigle.com,1개,44명,30명,7명/5명
일동제약,-,8년 (2016년 설립),"5,591억 4,519만원",주식회사,"10,336만원",www.ildong.com,1개,8명,"1,042명",350명/218명
샘표식품,회사본부,8년 (2016년 설립),"3,411억 4,411만원",주식회사,"4,518만원",www.sempio.com,1개,비공개,비공개,비공개
에코마케팅,경영 컨설팅 및 공공 관계 서비스업,21년 (2003년 설립),"474억 9,440만원",주식회사,"4,364만원",www.echomarketing.co.kr,1개,280명,317명,143명/180명
블루탑,인쇄회로기판 및 전자부품 실장기판 제조업,22년 (2002년 설립),"412억 1,232만원",주식회사,"4,441만원",www.e-tkc.com,1개,141명,134명,40명/44명
두올,시스템ㆍ응용 소프트웨어 개발 및 공급업,3년 (2021년 설립),-,,"3,839만원",-,1개,18명,,
엔지스테크널러지,시스템ㆍ응용 소프트웨어 개발 및 공급업,26년 (1998년 설립),"34억 9,400만원",주식회사,"7,066만원",www.engistech.com,1개,31명,33명,20명/20명
우리손에프앤지,양돈업,23년 (2001년 설립),-,주식회사,"4,760만원",www.woorisonfng.co.kr,1개,79명,54명,10명/13명
오건에코텍,기타 의료용 기기 제조업,18년 (2006년 설립),"49억 1,900만원",주식회사,424만원,huvexel.com,1개,16명,11명,7명/3명
아이윈플러스,"다이오드, 트랜지스터 및 유사 반도체 소자 제조업",21년 (2003년 설립),-,주식회사,"3,410만원",www.optopac.com,1개,80명,79명,41명/50명
제노텍,자연과학 연구개발업,27년 (1997년 설립),52억 599만원,주식회사,"4,453만원",www.genotech.co.kr,1개,34명,35명,3명/6명
동서,,,,,,,,,,
장원테크,비철금속 주조업,14년 (2010년 설립),-,기타 법인,"4,724만원",-,1개,13명,14명,0명/0명
위니아,"전동기, 발전기 및 전기 변환장치 제조업",29년 (1995년 설립),-,기타 법인,"5,516만원",-,1개,157명,48명,89명/5명
한국자산신탁,"부동산 중개, 자문 및 감정 평가업",23년 (2001년 설립),-,주식회사,"12,195만원",www.kait.com,1개,203명,173명,33명/8명
한국토지신탁,부동산 개발 및 공급업,28년 (1996년 설립),-,주식회사,"12,055만원",www.koreit.co.kr,1개,245명,236명,20명/14명
모아라이프플러스,-,0년 (2024년 설립),-,기타 법인,"3,941만원",-,1개,7명,7명,0명/7명
피앤씨테크,시스템ㆍ응용 소프트웨어 개발 및 공급업,5년 (2019년 설립),-,주식회사,"3,455만원",-,1개,3명,5명,1명/3명
로스웰,시설물 유지관리 공사업,3년 (2021년 설립),-,기타 법인,"5,645만원",-,1개,1명,11명,1명/4명
씨앤에스링크,그 외 기타 사업 지원 서비스업,24년 (2000년 설립),"199억 9,100만원",주식회사,"4,694만원",www.cns-link.co.kr,1개,32명,32명,1명/4명
해성디에스,"다이오드, 트랜지스터 및 유사 반도체 소자 제조업",10년 (2014년 설립),"6,553억 7,301만원",주식회사,"7,716만원",www.haesungds.com,1개,"1,376명","1,403명",236명/297명
에스티팜,그 외 기타 화학제품 제조업,16년 (2008년 설립),"1,391억 3,930만원",주식회사,"7,082만원",www.stpharm.co.kr,1개,668명,673명,89명/108명
지씨셀,사무 지원 서비스업,13년 (2011년 설립),"1,593억 3,550만원",주식회사,"5,215만원",www.gclabcell.com,1개,847명,828명,193명/209명
알엔투테크놀로지,전기 공급 및 제어장치 제조업,22년 (2002년 설립),-,주식회사,"4,782만원",www.rn2.co.kr,1개,75명,60명,21명/10명
이비테크,자동차용 기타 신품 부품 제조업,6년 (2018년 설립),-,기타 법인,"3,350만원",-,1개,4명,4명,1명/1명
이스트에이드,시스템ㆍ응용 소프트웨어 개발 및 공급업,15년 (2009년 설립),"236억 3,381만원",주식회사,"4,202만원",www.estaid.ai,1개,94명,60명,18명/12명
휴온스,그 외 기타 금융업,37년 (1987년 설립),"321억 9,403만원",주식회사,"6,689만원",www.huonsglobal.com,1개,114명,120명,44명/42명
나눔테크,기타 기계 및 장비 도매업,19년 (2005년 설립),141억 100만원,주식회사,"3,993만원",www.nanoomtech.co.kr,1개,4명,56명,17명/16명
KC산업,시설물 축조 관련 전문공사업,29년 (1995년 설립),"826억 7,700만원",주식회사,"6,357만원",www.kccond.co.kr,3개,262명,93명,45명/29명
해태제과식품,"떡, 빵 및 과자류 제조업",23년 (2001년 설립),"5,360억 580만원",주식회사,"5,372만원",www.ht.co.kr,1개,959명,373명,61명/42명
로보쓰리에이아이,산업용 기계 및 장비 도매업,21년 (2003년 설립),"13억 6,681만원",주식회사,"1,605만원",www.robo3.com,1개,9명,10명,12명/8명
레이언스,방사선 장치 및 전기식 진단 기기 제조업,13년 (2011년 설립),"1,106억 1,865만원",주식회사,"5,767만원",www.rayence.com,1개,220명,221명,56명/60명
동양파일,"시멘트, 석회 및 플라스터 제조업",11년 (2013년 설립),-,기타 법인,"8,222만원",-,1개,36명,35명,1명/1명
삼일씨엔에스,"컴퓨터 및 주변장치, 소프트웨어 도매업",26년 (1998년 설립),-,주식회사,"2,761만원",-,1개,7명,7명,5명/3명
팬젠,기초 의약 물질 및 생물학적 제제 제조업,14년 (2010년 설립),65억 100만원,주식회사,"5,300만원",www.pangen.com,1개,75명,70명,11명/16명
큐리언트,자연과학 연구개발업,16년 (2008년 설립),-,주식회사,"8,218만원",www.qurient.com,1개,30명,31명,6명/3명
안트로젠,"세제, 화장품 및 광택제 제조업",24년 (2000년 설립),"65억 9,101만원",주식회사,"3,621만원",www.anterogen.com,1개,40명,30명,27명/17명
슈프리마,회사본부,7년 (2017년 설립),-,주식회사,"5,868만원",www.xperix.com,1개,46명,56명,23명/18명
제이에스코퍼레이션,통신 판매업,5년 (2019년 설립),-,주식회사,"4,406만원",-,1개,6명,10명,7명/7명
유니트론텍,"가전제품, 통신장비 및 부품 도매업",28년 (1996년 설립),"3,033억 4,920만원",주식회사,"7,909만원",www.unitrontech.com,1개,87명,109명,11명/30명
메디젠휴먼케어,자연과학 연구개발업,12년 (2012년 설립),"35억 5,278만원",주식회사,"2,965만원",www.medizencare.com,1개,32명,34명,27명/27명
볼빅,"도장, 도배 및 내장 공사업",1년 (2023년 설립),"1,226억 9,087만원",주식회사,"5,258만원",-,1개,1명,182명,48명/47명
이엠티,,,,,,,,,,
더코디,사진장비 및 광학기기 제조업,25년 (1999년 설립),-,주식회사,"3,810만원",www.thecodi.kr,1개,72명,29명,44명/5명
에스와이,,,,,,,,,,
질경이,"의약품, 의료용품 및 화장품 도매업",11년 (2013년 설립),-,주식회사,"2,713만원",www.jilgyungyi.com,2개,41명,34명,10명/12명
잇츠한불,"의약품, 의료용품 및 화장품 도매업",18년 (2006년 설립),"425억 3,691만원",주식회사,"5,378만원",www.itshanbul.com,1개,143명,81명,76명/24명
크로넥스,기타 전자 부품 제조업,17년 (2007년 설립),-,기타 법인,"5,370만원",-,1개,3명,4명,0명/0명
딥마인드,광고 대행업,3년 (2021년 설립),-,기타 법인,"3,993만원",-,1개,1명,3명,0명/1명
와이씨,,,,,,,,,,
육일씨엔에쓰,합성고무 및 플라스틱 물질 제조업,25년 (1999년 설립),-,기타 법인,"5,187만원",-,1개,14명,16명,0명/2명
휴젤,-,23년 (2001년 설립),"2,011억 3,652만원",주식회사,"5,807만원",www.hugel.co.kr,1개,575명,601명,133명/172명
한국맥널티,-,27년 (1997년 설립),"329억 6,285만원",주식회사,"3,808만원",www.mcnultykorea.co.kr,1개,59명,71명,18명/33명
덱스터,광고 대행업,15년 (2009년 설립),-,주식회사,"4,612만원",-,1개,64명,86명,25명/23명
아진산업,반도체 및 디스플레이 제조용 기계 제조업,7년 (2017년 설립),-,기타 법인,"5,852만원",-,1개,6명,4명,1명/0명
강스템바이오텍,"의약품, 의료용품 및 화장품 도매업",14년 (2010년 설립),"37억 5,674만원",주식회사,"5,105만원",www.kangstem.com,1개,115명,96명,27명/11명
에이원알폼,구조용 금속제품 제조업,19년 (2005년 설립),"360억 8,916만원",주식회사,"5,830만원",www.aonealform.co.kr,1개,61명,42명,17명/2명
메가엠디,일반 교습학원,20년 (2004년 설립),"718억 4,096만원",주식회사,"3,621만원",http://www.megamd.co.kr,1개,260명,160명,54명/64명
보광산업,"석재, 쇄석 및 모래, 자갈 채취업",20년 (2004년 설립),-,기타 법인,"4,920만원",-,1개,62명,36명,12명/8명
파크시스템스,사진장비 및 광학기기 제조업,27년 (1997년 설립),763억 399만원,주식회사,"5,280만원",www.parkafm.co.kr,1개,314명,326명,49명/52명
에치에프알,방송 및 무선 통신장비 제조업,9년 (2015년 설립),"1,669억 4,014만원",주식회사,"7,191만원",www.hfrnet.com,1개,183명,170명,33명/18명
예스티,기타 일반 목적용 기계 제조업,24년 (2000년 설립),"693억 3,734만원",주식회사,"4,336만원",www.yest.co.kr,1개,212명,174명,39명/66명
코스맥스엔비티,기타 식료품 제조업,22년 (2002년 설립),"2,129억 3,091만원",주식회사,"4,252만원",http://www.cosmaxnbt.com,1개,171명,615명,178명/179명
멕아이씨에스,방사선 장치 및 전기식 진단 기기 제조업,26년 (1998년 설립),-,주식회사,"4,378만원",www.mek-ics.com,1개,131명,79명,41명/14명
에이치엔에스하이텍,기타 전자 부품 제조업,29년 (1995년 설립),"813억 3,592만원",주식회사,"5,781만원",www.hnshightech.com,1개,156명,162명,25명/53명
원익피앤이,"측정, 시험, 항해, 제어 및 기타 정밀 기기 제조업",25년 (1999년 설립),-,주식회사,"1,898만원",www.cns2.co.kr,1개,740명,760명,200명/274명
세진중공업,선박 및 수상 부유 구조물 건조업,25년 (1999년 설립),"2,216억 5,746만원",주식회사,"5,498만원",www.sejinheavy.com,1개,281명,240명,119명/64명
하이즈항공,항공기용 엔진 및 부품 제조업,23년 (2001년 설립),"200억 4,720만원",주식회사,"3,958만원",www.hizeaero.com,2개,319명,386명,123명/124명
케이디켐,상품 중개업,8년 (2016년 설립),-,기타 법인,"5,852만원",-,1개,2명,3명,0명/0명
네오오토,자동차용 기타 신품 부품 제조업,7년 (2017년 설립),-,기타 법인,"5,897만원",-,1개,70명,79명,20명/18명
엔투텍,기타 전기장비 제조업,9년 (2015년 설립),"233억 7,547만원",주식회사,"2,628만원",www.n2tech.kr,1개,61명,64명,21명/17명
케어젠,"세제, 화장품 및 광택제 제조업",23년 (2001년 설립),"590억 8,788만원",주식회사,"4,939만원",caregen.co.kr,2개,197명,180명,117명/105명
아이진,자연과학 연구개발업,24년 (2000년 설립),"32억 4,211만원",주식회사,"6,443만원",www.eyegene.co.kr,1개,23명,41명,63명/16명
나무가,사진장비 및 광학기기 제조업,20년 (2004년 설립),"3,493억 4,038만원",주식회사,"7,850만원",www.namuga.co.kr,1개,119명,118명,12명/15명
이노시스,시스템ㆍ응용 소프트웨어 개발 및 공급업,5년 (2019년 설립),-,주식회사,"3,341만원",-,1개,7명,16명,9명/13명
금호에이치티,전구 및 램프 제조업,35년 (1989년 설립),"1,973억 1,176만원",주식회사,"5,106만원",www.kumhoht.co.kr,1개,486명,464명,67명/67명
제주항공,그 외 기타 운송관련 서비스업,8년 (2016년 설립),-,기타 법인,"3,384만원",-,1개,4명,3명,2명/1명
본느,"의약품, 의료용품 및 화장품 도매업",9년 (2015년 설립),"215억 5,291만원",주식회사,"4,000만원",-,1개,59명,71명,46명/63명
파마리서치바이오,완제 의약품 제조업,15년 (2009년 설립),125억 600만원,주식회사,"4,651만원",www.pr-bio.co.kr,1개,60명,88명,10명/27명
럭스피아,"다이오드, 트랜지스터 및 유사 반도체 소자 제조업",18년 (2006년 설립),-,기타 법인,"3,153만원",-,1개,65명,82명,41명/60명
노브메타파마,자연과학 연구개발업,14년 (2010년 설립),-,주식회사,"4,463만원",www.novmeta.com,2개,13명,16명,0명/2명
엔케이맥스,자연과학 연구개발업,22년 (2002년 설립),"112억 5,216만원",주식회사,"4,197만원",www.nkmax.com,1개,143명,73명,96명/30명
현대코퍼레이션홀딩스,상품 종합 도매업,9년 (2015년 설립),"1,104억 9,708만원",주식회사,"10,501만원",www.hyundaicorpholdings.com,1개,76명,93명,24명/24명
KH 건설,,,,,,,,,,
엑시콘,"측정, 시험, 항해, 제어 및 기타 정밀 기기 제조업",23년 (2001년 설립),-,기타 법인,"5,524만원",-,1개,141명,135명,28명/16명
엄지하우스,-,38년 (1986년 설립),365억 967만원,주식회사,"5,755만원",www.eomjihouse.co.kr,2개,446명,109명,42명/37명
메디쎄이,기타 의료용 기기 제조업,21년 (2003년 설립),208억 39만원,주식회사,"5,169만원",www.medyssey.co.kr,1개,105명,85명,29명/11명
뉴지랩파마,방송 및 무선 통신장비 제조업,20년 (2004년 설립),-,주식회사,"5,143만원",www.newglab.com,2개,17명,16명,11명/6명
케이엠제약,"세제, 화장품 및 광택제 제조업",9년 (2015년 설립),"156억 3,145만원",주식회사,"5,853만원",kmkmp.com,1개,7명,33명,17명/20명
한송네오텍,기타 일반 목적용 기계 제조업,9년 (2015년 설립),-,주식회사,"5,218만원",hsneotech.com,1개,55명,40명,8명/9명
패션플랫폼,시스템ㆍ응용 소프트웨어 개발 및 공급업,1년 (2023년 설립),비공개,주식회사,비공개,https://rewake.co.kr,1개,비공개,비공개,비공개
LIG넥스원,보육시설 운영업,7년 (2017년 설립),-,개인,"2,827만원",-,1개,23명,16명,5명/3명
넥슨게임즈,시스템ㆍ응용 소프트웨어 개발 및 공급업,19년 (2005년 설립),"1조 9,334억 7,529만원",주식회사,"6,082만원",-,3개,"3,735명","3,861명",447명/636명
제너셈,반도체 및 디스플레이 제조용 기계 제조업,24년 (2000년 설립),"597억 2,743만원",주식회사,"5,427만원",www.genesem.com,1개,141명,151명,31명/46명
타이거일렉,기타 전자 부품 제조업,24년 (2000년 설립),"580억 7,200만원",주식회사,"4,000만원",www.tigerelec.com,1개,239명,227명,99명/126명
HDC랩스,통신 공사업,25년 (1999년 설립),"2,744억 7,655만원",주식회사,"3,849만원",www.hdc-labs.com/,1개,"3,095명","2,794명","1,406명/1,551명"
동일제강,"금속 파스너, 스프링 및 금속선 가공제품 제조업",65년 (1959년 설립),"1,967억 5,761만원",주식회사,"4,136만원",www.dongil-steel.com,1개,101명,115명,32명/32명
휴먼테크놀로지,"컴퓨터 및 주변장치, 소프트웨어 도매업",14년 (2010년 설립),-,기타 법인,"4,570만원",-,1개,0명,3명,0명/1명
씨아이에스,"기술 시험, 검사 및 분석업",24년 (2000년 설립),"261억 5,350만원",주식회사,"4,983만원",www.dreamcis.com,1개,340명,358명,75명/89명
에이텍모빌리티,통신 공사업,9년 (2015년 설립),-,주식회사,"4,160만원",www.atecmobility.com,1개,0명,144명,45명/54명
웹스,시스템ㆍ응용 소프트웨어 개발 및 공급업,3년 (2021년 설립),"47억 3,835만원",,"3,717만원",-,1개,0명,,
AJ네트웍스,시설물 축조 관련 전문공사업,24년 (2000년 설립),"4,855억 2,371만원",주식회사,"6,267만원",www.ajnet.co.kr,1개,1명,615명,119명/156명
파인텍,"콘크리트, 레미콘 및 기타 시멘트, 플라스터 제품 제조업",11년 (2013년 설립),-,주식회사,"4,222만원",-,1개,11명,9명,0명/0명
세토피아,"금속 열처리, 도금 및 기타 금속 가공업",1년 (2023년 설립),-,기타 법인,"4,408만원",-,1개,30명,19명,10명/3명
심텍,"다이오드, 트랜지스터 및 유사 반도체 소자 제조업",9년 (2015년 설립),"1조 1,684억 9,554만원",주식회사,"6,184만원",www.simmtech.co.kr,1개,"2,868명","2,506명",309명/296명
흥국에프엔비,회사본부,16년 (2008년 설립),"592억 7,353만원",주식회사,"5,257만원",www.hyungkuk.com,1개,144명,152명,38명/45명
쎄노텍,그 외 기타 비금속 광물제품 제조업,9년 (2015년 설립),-,주식회사,"4,985만원",www.cenotec.com,1개,112명,77명,27명/8명
칩스앤미디어,전자집적회로 제조업,21년 (2003년 설립),"199억 7,956만원",주식회사,"11,648만원",www.chipsnmedia.com,1개,75명,85명,7명/15명
아시아경제,"신문, 잡지 및 정기 간행물 출판업",19년 (2005년 설립),"428억 4,171만원",주식회사,"6,689만원",www.asiae.co.kr,1개,262명,243명,31명/29명
엔에스컴퍼니,"생활용 섬유제품, 의복, 의복 액세서리 및 모피제품 도매업",9년 (2015년 설립),-,기타 법인,"3,492만원",-,1개,2명,5명,0명/1명
아이쓰리시스템,기타 전자 부품 제조업,26년 (1998년 설립),"838억 4,559만원",주식회사,"5,383만원",www.i3system.com,1개,432명,471명,47명/52명
로지시스,건물설비 설치 공사업,14년 (2010년 설립),"141억 6,798만원",기타 법인,"5,100만원",-,1개,6명,35명,9명/13명
플럼라인생명과학,자연과학 연구개발업,10년 (2014년 설립),-,주식회사,"4,780만원",www.plsdna.com,1개,6명,5명,3명/1명
켐트로스,그 외 기타 화학제품 제조업,7년 (2017년 설립),-,기타 법인,"5,565만원",-,1개,64명,64명,15명/21명
파마리서치,-,23년 (2001년 설립),"1,385억 5,580만원",주식회사,"5,672만원",pharmaresearch.co.kr,1개,349명,411명,92명/144명
디와이디,엔지니어링 서비스업,3년 (2021년 설립),-,,"2,599만원",-,1개,4명,,
펩트론,기초 유기화학 물질 제조업,27년 (1997년 설립),"58억 1,400만원",주식회사,"5,278만원",www.peptron.co.kr,1개,85명,102명,18명/21명
이노션,,,,,,,,,,
토니모리,"의약품, 의료용품 및 화장품 도매업",18년 (2006년 설립),"895억 6,334만원",주식회사,"5,577만원",www.tonysteet.com,1개,125명,117명,34명/28명
로지스몬,도로 화물 운송업,2년 (2022년 설립),-,기타 법인,"3,822만원",-,1개,9명,10명,3명/2명
미래에셋생명,생명보험업,36년 (1988년 설립),-,주식회사,"10,112만원",life.miraeasset.com,1개,0명,777명,55명/66명
동운아나텍,전자집적회로 제조업,18년 (2006년 설립),"501억 3,817만원",주식회사,"7,897만원",www.dwanatech.com,1개,121명,156명,23명/49명
일월지엠엘,기타 플라스틱 제품 제조업,18년 (2006년 설립),-,주식회사,"5,060만원",www.ilwoulgml.co.kr,1개,14명,22명,3명/9명
헥토이노베이션,포털 및 기타 인터넷 정보 매개 서비스업,15년 (2009년 설립),-,주식회사,"6,208만원",www.hectoinnovation.co.kr,1개,167명,188명,61명/69명
경보제약,-,37년 (1987년 설립),"1,962억 6,500만원",주식회사,"7,074만원",www.kbpharma.co.kr,1개,508명,516명,77명/74명
인바이츠바이오코아,자연과학 연구개발업,23년 (2001년 설립),-,주식회사,"4,620만원",www.bio-core.com,1개,181명,152명,59명/27명
이큐셀,반도체 및 디스플레이 제조용 기계 제조업,20년 (2004년 설립),"150억 9,026만원",주식회사,"4,501만원",www.sntek.com,1개,161명,148명,57명/119명
코아스템켐온,자연과학 연구개발업,7년 (2017년 설립),-,기타 법인,"5,543만원",-,1개,293명,262명,31명/22명
에스엘에너지,원유 정제처리업,17년 (2007년 설립),-,주식회사,"7,642만원",http://www.slvionics.com/,1개,55명,24명,2명/6명
씨앗,"도서관, 기록 보존소 및 독서실 운영업",17년 (2007년 설립),-,기타 법인,"4,921만원",-,1개,12명,12명,3명/1명
베셀,화물 취급업,9년 (2015년 설립),-,,"1,880만원",-,1개,14명,,
넵튠,시스템ㆍ응용 소프트웨어 개발 및 공급업,12년 (2012년 설립),"50억 3,501만원",주식회사,"4,481만원",-,1개,82명,124명,57명/90명
미래생명자원,동물용 사료 및 조제식품 제조업,7년 (2017년 설립),-,기타 법인,"4,475만원",-,1개,61명,14명,3명/2명
싸이맥스,산업용 로봇 제조업,19년 (2005년 설립),"2,235억 2,961만원",주식회사,"6,138만원",www.cymechs.com,1개,230명,230명,34명/49명
러셀,건물설비 설치 공사업,12년 (2012년 설립),"101억 5,979만원",기타 법인,"5,013만원",-,2개,50명,52명,14명/19명
픽셀플러스,"가전제품, 통신장비 및 부품 도매업",2년 (2022년 설립),-,주식회사,"4,757만원",-,1개,6명,9명,2명/4명
디딤이앤에프,육류 가공 및 저장 처리업,9년 (2015년 설립),-,주식회사,"3,741만원",www.didimglobal.com,1개,106명,80명,48명/37명
제노포커스,기초 유기화학 물질 제조업,24년 (2000년 설립),"101억 4,148만원",주식회사,"4,745만원",www.genofocus.com,1개,64명,66명,15명/15명
틸론,시스템ㆍ응용 소프트웨어 개발 및 공급업,23년 (2001년 설립),"125억 9,366만원",주식회사,"3,526만원",www.tilon.com,1개,69명,40명,54명/22명
관악산업,건설장비 운영업,26년 (1998년 설립),-,주식회사,"5,400만원",www.gwan-ak.co.kr,1개,0명,23명,40명/17명
우정바이오,그 외 기타 금융업,9년 (2015년 설립),"312억 3,778만원",주식회사,"4,345만원",www.woojungbio.kr,2개,137명,138명,65명/49명
토박스코리아,신발 도매업,9년 (2015년 설립),-,주식회사,"4,309만원",toebox.com,1개,32명,33명,4명/8명
이노인스트루먼트,유선 통신장비 제조업,9년 (2015년 설립),-,주식회사,"4,261만원",-,1개,27명,31명,12명/14명
우리산업,재생용 재료 및 기타 상품 전문 도매업,10년 (2014년 설립),-,기타 법인,"3,650만원",-,2개,6명,5명,3명/2명
메가스터디교육,그 외 기타 정보 서비스업,24년 (2000년 설립),"6,225억 4,338만원",주식회사,"3,615만원",www.megastudy.net,1개,"2,187명","2,014명","978명/1,056명"
썬테크,비내화 일반 도자기 제조업,3년 (2021년 설립),-,기타 법인,"4,231만원",-,1개,3명,4명,2명/2명
로보로보,그 외 기타 교육기관,1년 (2023년 설립),-,,"2,011만원",-,1개,1명,,
디알텍,방사선 장치 및 전기식 진단 기기 제조업,9년 (2015년 설립),"626억 3,750만원",주식회사,"4,814만원",www.drtech.com,1개,271명,348명,71명/93명
에이비프로바이오,"산업용 트럭, 승강기 및 물품 취급장비 제조업",20년 (2004년 설립),"122억 7,743만원",주식회사,"5,235만원",www.abprobio.co.kr,1개,53명,48명,18명/12명
골프존,골프장 및 스키장 운영업,6년 (2018년 설립),"1,918억 2,161만원",주식회사,"5,438만원",-,1개,73명,89명,16명/8명
클래시스,가정용 전기 기기 제조업,9년 (2015년 설립),"1,003억 4,376만원",주식회사,"5,941만원",classys.co.kr,1개,360명,401명,65명/105명
FSN,시스템ㆍ응용 소프트웨어 개발 및 공급업,27년 (1997년 설립),"452억 8,990만원",주식회사,"3,409만원",hyper-corp.com,1개,15명,23명,3명/13명
다이나믹디자인,기타 일반 목적용 기계 제조업,25년 (1999년 설립),-,주식회사,"1,506만원",www.saehwaimc.com,1개,333명,326명,54명/50명
포시에스,시스템ㆍ응용 소프트웨어 개발 및 공급업,16년 (2008년 설립),"229억 6,046만원",주식회사,"4,998만원",www.forcs.com,2개,174명,179명,54명/65명
덕산네오룩스,기타 전자 부품 제조업,10년 (2014년 설립),"1,913억 5,800만원",주식회사,"5,519만원",www.dsneolux.co.kr,1개,11명,258명,58명/65명
한솔제지,-,9년 (2015년 설립),"1조 6,277억 8,893만원",주식회사,"7,495만원",www.hansolpaper.co.kr,3개,633명,"1,622명",218명/225명
디와이파워,유압 기기 제조업,10년 (2014년 설립),"2,969억 9,800만원",주식회사,"8,496만원",power.dy.co.kr,1개,422명,388명,43명/21명
국일신동,금속 주조 및 기타 야금용 기계 제조업,31년 (1993년 설립),"268억 8,313만원",주식회사,"5,471만원",www.kukilmetal.com,1개,47명,26명,3명/3명
듀켐바이오,기타 기계 및 장비 도매업,21년 (2003년 설립),"324억 2,230만원",주식회사,"4,487만원",www.duchembio.com,1개,134명,103명,16명/25명
링크드,,,,,,,,,,
바디텍메드,그 외 기타 화학제품 제조업,10년 (2014년 설립),"1,410억 4,298만원",주식회사,"4,736만원",www.boditech.co.kr,1개,463명,481명,92명/127명
썸에이지,게임 소프트웨어 개발 및 공급업,10년 (2014년 설립),"365억 3,849만원",주식회사,"4,832만원",www.thumbage.co.kr,1개,42명,55명,24명/13명
에이팩트,"다이오드, 트랜지스터 및 유사 반도체 소자 제조업",17년 (2007년 설립),"736억 4,638만원",주식회사,"5,314만원",www.apact.co.kr,2개,263명,560명,177명/479명
휴메딕스,자연과학 연구개발업,21년 (2003년 설립),"1,231억 7,300만원",주식회사,"5,630만원",www.humedix.com,1개,284명,355명,66명/104명
바이오로그디바이스,기타 전자 부품 제조업,10년 (2014년 설립),-,주식회사,"5,477만원",www.biologdevice.com,1개,26명,33명,18명/18명
서전기전,전기 공사업,33년 (1991년 설립),"524억 5,437만원",주식회사,"4,674만원",www.sjem.co.kr,2개,127명,111명,25명/33명
아스트,"그 외 기타 전문, 과학 및 기술 서비스업",2년 (2022년 설립),-,기타 법인,"1,471만원",-,1개,2명,4명,1명/1명
오킨스전자,기계장비 조립용 플라스틱제품 제조업,26년 (1998년 설립),"576억 7,300만원",주식회사,"5,063만원",www.okins.co.kr,1개,42명,161명,26명/38명
지란지교시큐리티,시스템ㆍ응용 소프트웨어 개발 및 공급업,10년 (2014년 설립),"206억 3,835만원",주식회사,"5,835만원",www.jiransecurity.com,1개,149명,147명,16명/13명
NEW,식료품 소매업,9년 (2015년 설립),"204억 2,771만원",주식회사,"4,917만원",-,1개,51명,40명,33명/33명
아이티센,기타 정보 기술 및 컴퓨터 운영 관련 서비스업,5년 (2019년 설립),"51억 9,548만원",기타 법인,"4,785만원",https://www.in4ucloud.com/,1개,31명,49명,14명/20명
미래엔에듀파트너,그 외 기타 교육기관,15년 (2009년 설립),-,주식회사,"3,514만원",www.edupartner.co.kr,2개,38명,46명,24명/20명
삼성물산,,,,,,,,,,
녹십자엠에스,"의약품, 의료용품 및 화장품 도매업",21년 (2003년 설립),"1,008억 2,920만원",주식회사,"5,300만원",www.greencrossms.com,1개,143명,131명,33명/31명
디티앤씨,그 외 기타 사업 지원 서비스업,7년 (2017년 설립),440억 800만원,주식회사,"3,531만원",www.dtncro.com,1개,270명,322명,86명/156명
셀바스헬스케어,컴퓨터 제조업,10년 (2014년 설립),"274억 7,222만원",주식회사,"4,412만원",www.selvashealthcare.com,1개,111명,114명,19명/27명
정다운,외국식 음식점업,3년 (2021년 설립),-,기타 법인,"3,323만원",-,1개,2명,6명,1명/5명
하이로닉,-,17년 (2007년 설립),"208억 3,227만원",주식회사,"5,017만원",www.hironic.com,1개,87명,78명,97명/79명
랩지노믹스,"기술 시험, 검사 및 분석업",22년 (2002년 설립),"2,022억 8,938만원",주식회사,"4,366만원",www.labgenomics.co.kr,2개,231명,192명,108명/92명
에이디테크놀로지,엔지니어링 서비스업,22년 (2002년 설립),"3,055억 6,870만원",주식회사,"6,091만원",www.adtek.co.kr,1개,227명,338명,41명/107명
비씨월드제약,기초 의약 물질 및 생물학적 제제 제조업,44년 (1980년 설립),"608억 4,774만원",주식회사,"4,244만원",www.bcwp.co.kr,1개,304명,275명,104명/77명
미스터블루,게임 소프트웨어 개발 및 공급업,10년 (2014년 설립),"285억 7,165만원",주식회사,"3,486만원",www.mrbluecorp.com/,1개,0명,138명,33명/35명
알테오젠,자연과학 연구개발업,16년 (2008년 설립),"170억 2,610만원",주식회사,"9,779만원",www.alteogen.com,1개,98명,149명,20명/46명
대창스틸,"금속 열처리, 도금 및 기타 금속 가공업",44년 (1980년 설립),-,주식회사,"4,892만원",www.dcsteel.com,2개,91명,79명,14명/18명
에프엔씨엔터,오디오물 출판 및 원판 녹음업,18년 (2006년 설립),"581억 4,469만원",주식회사,"4,204만원",www.fncent.com,2개,198명,206명,54명/63명
휴마시스,-,10년 (2014년 설립),"3,074억 7,675만원",주식회사,"4,493만원",www.humasis.com,1개,191명,82명,102명/24명
씨에스윈드,"그 외 기타 전문, 과학 및 기술 서비스업",18년 (2006년 설립),"6,398억 14만원",주식회사,"10,644만원",www.cswind.com,1개,89명,98명,29명/33명
지엘팜텍,자연과학 연구개발업,10년 (2014년 설립),-,주식회사,"5,984만원",www.glpt.co.kr,1개,20명,27명,12명/12명
글로벌텍스프리,시스템ㆍ응용 소프트웨어 개발 및 공급업,19년 (2005년 설립),"55억 1,803만원",,"4,786만원",-,2개,38명,,
디에이테크놀로지,기타 일반 목적용 기계 제조업,24년 (2000년 설립),"428억 6,708만원",주식회사,"4,866만원",www.dat21.co.kr,1개,194명,94명,174명/62명
삼성에스디에스,시스템ㆍ응용 소프트웨어 개발 및 공급업,39년 (1985년 설립),"4조 9,857억 1,269만원",주식회사,"13,199만원",www.samsungsds.com,2개,"12,249명","11,557명",686명/597명
아이케이세미콘,전자집적회로 제조업,24년 (2000년 설립),187억 481만원,주식회사,"4,200만원",www.iksemi.com,1개,17명,16명,5명/6명
액션스퀘어,게임 소프트웨어 개발 및 공급업,10년 (2014년 설립),"56억 1,885만원",주식회사,"5,785만원",www.action2quare.com,1개,135명,123명,90명/38명
엑셈,시스템ㆍ응용 소프트웨어 개발 및 공급업,10년 (2014년 설립),"366억 2,794만원",주식회사,"6,108만원",www.ex-em.com,1개,283명,311명,76명/77명
테고사이언스,의료용품 및 기타 의약 관련제품 제조업,23년 (2001년 설립),"78억 9,464만원",주식회사,"4,436만원",www.tegoscience.com,1개,41명,42명,16명/17명
슈피겐코리아,재생용 재료 및 기타 상품 전문 도매업,15년 (2009년 설립),"2,659억 7,048만원",주식회사,"5,750만원",www.spigenkorea.co.kr/,1개,419명,444명,100명/117명
영우디에스피,"측정, 시험, 항해, 제어 및 기타 정밀 기기 제조업",20년 (2004년 설립),"796억 1,646만원",주식회사,"6,471만원",www.ywdsp.com,1개,158명,139명,32명/24명
유니포인트,시스템ㆍ응용 소프트웨어 개발 및 공급업,28년 (1996년 설립),"585억 9,300만원",주식회사,"4,064만원",www.unipoint.co.kr,2개,116명,105명,35명/31명
드림시큐리티,시스템ㆍ응용 소프트웨어 개발 및 공급업,10년 (2014년 설립),"280억 2,009만원",주식회사,"4,895만원",www.dreamsecurity.com,1개,212명,242명,69명/83명
메디아나,방사선 장치 및 전기식 진단 기기 제조업,29년 (1995년 설립),"565억 7,726만원",주식회사,"4,539만원",www.mediana.co.kr,1개,175명,171명,33명/42명
데브시스터즈,시스템ㆍ응용 소프트웨어 개발 및 공급업,17년 (2007년 설립),"3,701억 9,115만원",주식회사,"8,322만원",www.devsisters.com,1개,0명,285명,180명/88명
휴림네트웍스,산업용 로봇 제조업,1년 (2023년 설립),-,기타 법인,"4,826만원",-,1개,7명,7명,3명/2명
강동씨앤엘,"시멘트, 석회 및 플라스터 제조업",10년 (2014년 설립),699억 473만원,주식회사,"5,250만원",koreacement.co.kr,1개,53명,13명,2명/2명
판도라티비,시스템ㆍ응용 소프트웨어 개발 및 공급업,25년 (1999년 설립),"58억 4,594만원",주식회사,"5,452만원",www.pandora.tv,1개,31명,25명,21명/16명
서연이화,자동차 차체용 신품 부품 제조업,29년 (1995년 설립),-,기타 법인,"6,032만원",-,1개,468명,431명,46명/25명
신화콘텍,기타 전자 부품 제조업,22년 (2002년 설립),-,주식회사,"4,560만원",www.sh-ct.co.kr,1개,113명,102명,31명/17명
쿠쿠홀딩스,가정용 전기 기기 제조업,46년 (1978년 설립),"349억 1,802만원",주식회사,"7,815만원",www.cuckoo.co.kr,1개,54명,73명,7명/11명
파버나인,구조용 금속제품 제조업,27년 (1997년 설립),802억 718만원,주식회사,"3,874만원",www.pavonine.net,1개,140명,111명,29명/17명
덕신이피씨,구조용 금속제품 제조업,33년 (1991년 설립),"1,491억 2,345만원",주식회사,"5,457만원",www.duckshin.com,3개,549명,159명,26명/8명
창해에탄올,증류주 및 합성주 제조업,58년 (1966년 설립),-,주식회사,"8,668만원",www.chethanol.com,1개,44명,45명,3명/4명
윈하이텍,반도체 및 디스플레이 제조용 기계 제조업,7년 (2017년 설립),-,기타 법인,"5,391만원",-,1개,10명,11명,4명/4명
아진엑스텍,기타 전자 부품 제조업,27년 (1997년 설립),"416억 4,979만원",주식회사,"5,910만원",www.ajinextek.com,2개,66명,65명,7명/8명
콜마비앤에이치,-,2년 (2022년 설립),-,,-,-,2개,-,,
화인베스틸,"철강 압연, 압출 및 연신제품 제조업",17년 (2007년 설립),"1,396억 400만원",주식회사,"6,320만원",www.finebesteel.com,1개,127명,111명,18명/13명
큐엠씨,"측정, 시험, 항해, 제어 및 기타 정밀 기기 제조업",21년 (2003년 설립),"148억 3,111만원",주식회사,"5,267만원",www.iqmc.co.kr,1개,80명,53명,25명/9명
데이터스트림즈,시스템ㆍ응용 소프트웨어 개발 및 공급업,23년 (2001년 설립),"230억 8,629만원",주식회사,"6,079만원",www.datastreams.co.kr,1개,213명,200명,49명/44명
코아시아씨엠,기타 기계 및 장비 도매업,3년 (2021년 설립),"2,033억 6,692만원",기타 법인,"5,932만원",-,1개,38명,59명,12명/7명
캐스텍코리아,"금속 열처리, 도금 및 기타 금속 가공업",26년 (1998년 설립),-,주식회사,"4,725만원",www.castec.co.kr,1개,233명,157명,53명/1명
BGF,그 외 기타 사업 지원 서비스업,15년 (2009년 설립),"791억 4,258만원",주식회사,"4,884만원",www.bgfnetworks.com,1개,66명,60명,22명/15명
나노,모터사이클 및 부품 판매업,6년 (2018년 설립),-,주식회사,"5,637만원",-,1개,6명,6명,5명/4명
케이사인,시스템ㆍ응용 소프트웨어 개발 및 공급업,11년 (2013년 설립),"320억 4,683만원",주식회사,"4,981만원",-,1개,91명,84명,35명/23명
코스맥스,회사본부,32년 (1992년 설립),"896억 7,138만원",주식회사,"8,025만원",www.cosmax.com,1개,200명,235명,42명/68명
오이솔루션,건물설비 설치 공사업,4년 (2020년 설립),-,기타 법인,"4,157만원",-,1개,0명,8명,0명/0명
한국정보인증,시스템ㆍ응용 소프트웨어 개발 및 공급업,25년 (1999년 설립),"556억 3,981만원",주식회사,"7,165만원",www.signgate.com,1개,118명,157명,34명/83명
다산솔루에타,방송 및 무선 통신장비 제조업,21년 (2003년 설립),"370억 1,460만원",주식회사,"4,271만원",www.solueta.com,1개,134명,134명,37명/41명
위월드,"텔레비전, 비디오 및 기타 영상 기기 제조업",24년 (2000년 설립),"71억 7,177만원",주식회사,"4,118만원",www.wiworld.co.kr,1개,34명,22명,5명/1명
코셋,"다이오드, 트랜지스터 및 유사 반도체 소자 제조업",25년 (1999년 설립),-,주식회사,"3,335만원",coset.com,1개,136명,100명,43명/4명
SGA솔루션즈,시스템ㆍ응용 소프트웨어 개발 및 공급업,11년 (2013년 설립),"177억 8,902만원",주식회사,"4,319만원",sgasol.kr,1개,112명,105명,43명/40명
대동고려삼,기타 식료품 제조업,22년 (2002년 설립),"483억 4,798만원",주식회사,"3,305만원",www.ddkorea.co.kr,1개,170명,148명,44명/55명
기가레인,반도체 및 디스플레이 제조용 기계 제조업,24년 (2000년 설립),"689억 7,368만원",주식회사,"6,554만원",www.gigalane.com,1개,180명,174명,32명/24명
인트로메딕,기타 의료용 기기 제조업,20년 (2004년 설립),"78억 6,037만원",주식회사,"5,313만원",www.intromedic.co.kr,1개,54명,63명,14명/16명
알티캐스트,시스템ㆍ응용 소프트웨어 개발 및 공급업,25년 (1999년 설립),"226억 5,649만원",주식회사,"3,500만원",www.alticast.co.kr,1개,50명,77명,26명/40명
종근당,-,11년 (2013년 설립),"1조 3,339억 8,891만원",주식회사,"7,798만원",www.ckdpharm.com,1개,"2,353명","2,324명",282명/314명
현대공업,자동차 수리 및 세차업,26년 (1998년 설립),-,기타 법인,"4,652만원",-,1개,16명,13명,4명/4명
탑코미디어,시스템ㆍ응용 소프트웨어 개발 및 공급업,17년 (2007년 설립),-,주식회사,"3,508만원",www.topcomedia.co.kr,1개,40명,42명,40명/27명
신송홀딩스,그 외 기타 금융업,54년 (1970년 설립),-,주식회사,"5,464만원",www.singsongholdings.com,1개,13명,18명,4명/8명
큐브엔터,기타 창작 및 예술관련 서비스업,11년 (2013년 설립),"354억 8,015만원",주식회사,"4,997만원",www.cubeent.co.kr,1개,0명,169명,82명/92명
라이온켐텍,기초 유기화학 물질 제조업,42년 (1982년 설립),"1,504억 1,627만원",주식회사,"4,421만원",www.lctkorea.com,1개,180명,144명,25명/11명
램테크놀러지,그 외 기타 화학제품 제조업,23년 (2001년 설립),-,주식회사,"6,041만원",www.ramtech.co.kr,1개,79명,72명,11명/4명
협진,그 외 기타 섬유제품 제조업,2년 (2022년 설립),-,기타 법인,"3,642만원",-,1개,1명,3명,0명/0명
아세아시멘트,"시멘트, 석회 및 플라스터 제조업",21년 (2003년 설립),-,기타 법인,"5,852만원",-,2개,21명,14명,10명/2명
해성옵틱스,사진장비 및 광학기기 제조업,22년 (2002년 설립),"163억 4,107만원",주식회사,"6,880만원",www.hso.co.kr,1개,39명,37명,12명/10명
내츄럴엔도텍,자연과학 연구개발업,23년 (2001년 설립),"138억 1,740만원",주식회사,"4,434만원",www.naturalendo.com,1개,63명,74명,15명/23명
현대로템,신용조합 및 저축기관,26년 (1998년 설립),-,기타 법인,"5,852만원",-,1개,5명,4명,0명/0명
수프로,산업용 농ㆍ축산물 및 동ㆍ식물 도매업,24년 (2000년 설립),"200억 8,387만원",주식회사,"4,677만원",www.suppro.com,1개,32명,32명,5명/7명
두산테스나,"다이오드, 트랜지스터 및 유사 반도체 소자 제조업",22년 (2002년 설립),"2,776억 5,600만원",주식회사,"5,168만원",www.tesna.co.kr,1개,651명,754명,166명/261명
파수,시스템ㆍ응용 소프트웨어 개발 및 공급업,24년 (2000년 설립),"368억 1,490만원",주식회사,"5,802만원",www.fasoo.com,1개,235명,269명,51명/68명
엘티씨,그 외 기타 운송관련 서비스업,29년 (1995년 설립),-,기타 법인,"4,512만원",-,1개,12명,7명,1명/0명
지엔씨에너지,"전동기, 발전기 및 전기 변환장치 제조업",31년 (1993년 설립),-,주식회사,"5,544만원",www.gncenergy.co.kr,1개,114명,94명,30명/41명
한진칼,부동산 관리업,11년 (2013년 설립),"334억 4,540만원",주식회사,"11,834만원",www.hanjinkal.co.kr,1개,26명,26명,2명/0명
아미코젠,기초 유기화학 물질 제조업,26년 (1998년 설립),-,기타 법인,"3,821만원",-,1개,9명,6명,1명/4명
엔에이치엔,광고 대행업,10년 (2014년 설립),"201억 4,377만원",주식회사,"5,022만원",-,1개,191명,213명,50명/65명
GH신소재,플라스틱 발포 성형제품 제조업,23년 (2001년 설립),-,주식회사,"5,335만원",www.ghglobal.co.kr,2개,4명,90명,28명/21명
파이오링크,방송 및 무선 통신장비 제조업,24년 (2000년 설립),"616억 3,700만원",주식회사,"5,384만원",www.piolink.com,1개,360명,410명,86명/102명
JB금융지주,그 외 기타 금융업,11년 (2013년 설립),-,주식회사,"15,872만원",www.jbfg.com,1개,80명,101명,19명/30명
나스미디어,광고 대행업,24년 (2000년 설립),"887억 2,613만원",주식회사,"5,971만원",www.nasmedia.co.kr,1개,432명,402명,87명/60명
대주이엔티,1차 금속제품 및 금속광물 도매업,35년 (1989년 설립),993억 700만원,주식회사,"4,633만원",www.daejooent.co.kr,2개,41명,75명,6명/20명
큐러블,탐정 및 조사 서비스업,24년 (2000년 설립),-,주식회사,"3,952만원",www.snp-genetics.com,1개,23명,17명,9명/2명
태양기계,-,10년 (2014년 설립),-,기타 법인,"3,919만원",-,2개,18명,9명,4명/5명
엑세스바이오,사무 지원 서비스업,11년 (2013년 설립),-,기타 법인,"5,006만원",-,1개,7명,10명,2명/2명
DSR,"금속 파스너, 스프링 및 금속선 가공제품 제조업",53년 (1971년 설립),"2,616억 8,700만원",주식회사,"7,786만원",www.dsrcorp.com,1개,162명,150명,17명/11명
리가켐바이오,"의약품, 의료용품 및 화장품 도매업",9년 (2015년 설립),-,주식회사,"5,852만원",-,1개,4명,3명,0명/0명
동아에스티,전기 공급 및 제어장치 제조업,22년 (2002년 설립),"79억 3,421만원",기타 법인,"4,297만원",-,1개,4명,6명,4명/3명
윈팩,"다이오드, 트랜지스터 및 유사 반도체 소자 제조업",22년 (2002년 설립),"1,526억 3,543만원",주식회사,"5,373만원",www.winpac.co.kr,1개,531명,380명,203명/179명
코렌텍,기타 의료용 기기 제조업,24년 (2000년 설립),"446억 2,970만원",주식회사,"4,527만원",www.corentec.com,1개,196명,112명,47명/54명
제로투세븐,"가방, 시계, 안경 및 기타 생활용품 도매업",24년 (2000년 설립),"1,115억 4,799만원",주식회사,"5,423만원",www.0to7.com,1개,108명,101명,27명/24명
한솔아이원스,반도체 및 디스플레이 제조용 기계 제조업,19년 (2005년 설립),-,주식회사,"5,171만원",www.iones.co.kr,1개,354명,405명,77명/135명
우리이앤엘,"다이오드, 트랜지스터 및 유사 반도체 소자 제조업",16년 (2008년 설립),"1,547억 8,266만원",주식회사,"6,416만원",www.wooreeenl.co.kr,1개,91명,108명,26명/48명
아이센스,완제 의약품 제조업,24년 (2000년 설립),"1,938억 8,149만원",주식회사,"5,177만원",www.i-sens.com,2개,434명,892명,205명/236명
스킨앤스킨,"세제, 화장품 및 광택제 제조업",18년 (2006년 설립),-,주식회사,"4,842만원",www.skinnskin.co.kr,1개,51명,59명,21명/35명
우리로,그 외 기타 운송관련 서비스업,21년 (2003년 설립),-,기타 법인,"4,217만원",-,2개,5명,7명,1명/2명
디젠스,자동차용 기타 신품 부품 제조업,18년 (2006년 설립),-,주식회사,"7,324만원",www.dgenx.com,1개,87명,147명,22명/11명
지엠비코리아,자동차 차체용 신품 부품 제조업,45년 (1979년 설립),"4,758억 2,204만원",주식회사,"8,132만원",www.gmb.co.kr,2개,728명,708명,60명/72명
와이엠씨,구조용 금속제품 제조업,26년 (1998년 설립),-,기타 법인,"5,852만원",-,1개,14명,12명,2명/5명
LG헬로비전,"유선, 위성 및 기타 방송업",29년 (1995년 설립),-,주식회사,"8,083만원",www.lghellovision.net,2개,59명,"1,078명",82명/115명
아바텍,"금속 열처리, 도금 및 기타 금속 가공업",24년 (2000년 설립),"731억 8,389만원",주식회사,"4,497만원",www.avatec.co.kr,2개,525명,425명,149명/194명
동일고무벨트,기타 고무제품 제조업,79년 (1945년 설립),"957억 6,189만원",주식회사,"7,572만원",www.drbworld.com,1개,147명,85명,12명/14명
한국콜마,그 외 기타 금융업,34년 (1990년 설립),"340억 9,478만원",주식회사,"8,861만원",www.kolmarholdings.co.kr,1개,112명,114명,11명/6명
한국타이어앤테크놀로지,-,12년 (2012년 설립),"2조 9,152억 2,170만원",주식회사,"8,519만원",www.hankooktire.com,1개,"1,064명","2,372명",177명/262명
코이즈,"생활용 섬유제품, 의복, 의복 액세서리 및 모피제품 도매업",13년 (2011년 설립),-,주식회사,"3,939만원",-,1개,17명,12명,9명/10명
애경케미칼,합성고무 및 플라스틱 물질 제조업,12년 (2012년 설립),"1조 1,163억 1,298만원",주식회사,"7,762만원",www.aekyungchemical.co.kr,1개,232명,345명,43명/47명
네이블,통신 판매업,9년 (2015년 설립),-,주식회사,"5,666만원",-,1개,22명,9명,10명/3명
노블엠앤비,사진장비 및 광학기기 제조업,24년 (2000년 설립),-,주식회사,"6,248만원",www.noblemnb.co.kr,1개,62명,51명,26명/16명
피엔티,건물설비 설치 공사업,21년 (2003년 설립),"3,588억 5,690만원",주식회사,"5,315만원",www.epnt.co.kr,1개,5명,549명,86명/152명
사조씨푸드,가공식품 도매업,13년 (2011년 설립),-,주식회사,"4,223만원",-,1개,55명,60명,33명/39명
비아트론,반도체 및 디스플레이 제조용 기계 제조업,3년 (2021년 설립),-,기타 법인,"5,646만원",-,1개,5명,7명,1명/2명
빛샘전자,유선 통신장비 제조업,17년 (2007년 설립),-,기타 법인,"4,324만원",-,1개,33명,28명,4명/2명
휴비스,건물설비 설치 공사업,14년 (2010년 설립),"178억 7,886만원",주식회사,"5,374만원",-,2개,70명,150명,47명/90명
사람인,,,,,,,,,,
제룡산업,회사본부,13년 (2011년 설립),-,주식회사,"7,213만원",www.cheryong.co.kr,1개,46명,41명,6명/6명
남화토건,토목 시설물 건설업,19년 (2005년 설립),-,기타 법인,"5,122만원",-,1개,30명,8명,4명/7명
메지온,사무 지원 서비스업,22년 (2002년 설립),-,주식회사,"5,990만원",-,1개,8명,7명,1명/0명
원익머트리얼즈,기초 무기화학 물질 제조업,18년 (2006년 설립),"2,994억 5,934만원",주식회사,"5,639만원",wimco.co.kr,1개,513명,510명,36명/41명
디엔에이링크,자연과학 연구개발업,24년 (2000년 설립),"201억 5,400만원",주식회사,"3,979만원",www.dnalink.com,1개,85명,94명,24명/32명
GS리테일,음ㆍ식료품 위주 종합 소매업,53년 (1971년 설립),-,주식회사,"4,677만원",www.gsretail.com,2개,"6,734명","6,165명","2,400명/1,730명"
나이스디앤비,그 외 기타 정보 서비스업,22년 (2002년 설립),"647억 1,654만원",주식회사,"6,779만원",www.nicednb.com,1개,314명,286명,83명/70명
시큐브,시스템ㆍ응용 소프트웨어 개발 및 공급업,24년 (2000년 설립),"131억 9,840만원",주식회사,"6,447만원",www.secuve.com,2개,65명,70명,2명/6명
서암기계공업,"베어링, 기어 및 동력 전달장치 제조업",46년 (1978년 설립),"448억 7,416만원",주식회사,"6,710만원",smiltd.co.kr,1개,161명,124명,26명/15명
인터지스,화물 취급업,29년 (1995년 설립),-,,"6,032만원",-,1개,130명,,
씨유메디칼,방사선 장치 및 전기식 진단 기기 제조업,23년 (2001년 설립),-,주식회사,"4,688만원",www.cu911.com,1개,118명,117명,33명/31명
삼양사,-,13년 (2011년 설립),-,기타 법인,"6,032만원",-,1개,146명,136명,17명/10명
키네마스터,그 외 기타 사업 지원 서비스업,22년 (2002년 설립),"237억 1,707만원",주식회사,"6,034만원",www.kinemastercorp.com,1개,98명,63명,7명/1명
비덴트,기억 장치 및 주변 기기 제조업,22년 (2002년 설립),"176억 8,624만원",주식회사,"7,021만원",www.vidente.co.kr,1개,59명,57명,9명/8명
신진에스엠,구조용 금속제품 제조업,23년 (2001년 설립),-,주식회사,"4,068만원",www.sinjin-sm.co.kr,1개,73명,50명,16명/5명
이엠넷,광고 대행업,24년 (2000년 설립),"324억 8,906만원",주식회사,"3,511만원",www.emnet.co.kr,1개,355명,380명,106명/141명
에이티세미콘,"다이오드, 트랜지스터 및 유사 반도체 소자 제조업",23년 (2001년 설립),"1,130억 3,477만원",주식회사,"5,409만원",www.atsemi.com,1개,154명,144명,80명/90명
테크윙,건물설비 설치 공사업,22년 (2002년 설립),"2,225억 2,194만원",주식회사,"5,848만원",techwing.co.kr,2개,579명,510명,76명/59명
씨큐브,경영 컨설팅 및 공공 관계 서비스업,6년 (2018년 설립),-,기타 법인,"2,905만원",-,1개,2명,11명,7명/7명
에스엠코어,"산업용 트럭, 승강기 및 물품 취급장비 제조업",52년 (1972년 설립),"763억 5,814만원",주식회사,"5,848만원",www.smck.com,1개,137명,259명,54명/91명
씨엔플러스,기타 건축 마무리 공사업,21년 (2003년 설립),-,주식회사,"4,478만원",www.icnplus.com,3개,54명,47명,18명/12명
하나투어,기타 여행 보조 및 예약 서비스업,31년 (1993년 설립),"107억 8,180만원",주식회사,"4,456만원",www.hanatour.com,1개,"1,238명","1,311명",164명/219명
로보스타,"측정, 시험, 항해, 제어 및 기타 정밀 기기 제조업",25년 (1999년 설립),"1,390억 569만원",주식회사,"5,865만원",robostar.co.kr,1개,205명,188명,59명/45명
대한과학,기타 기계 및 장비 도매업,10년 (2014년 설립),-,주식회사,"4,056만원",-,1개,7명,7명,3명/2명
아이디스,엔지니어링 서비스업,14년 (2010년 설립),-,,"1,988만원",-,1개,2명,,
에이블씨엔씨,"세제, 화장품 및 광택제 제조업",24년 (2000년 설립),"1,994억 5,016만원",주식회사,"5,813만원",www.able-cnc.com,1개,258명,250명,39명/47명
제이씨케미칼,화학 물질 및 화학제품 도매업,12년 (2012년 설립),"71억 9,100만원",기타 법인,"5,852만원",-,1개,4명,4명,1명/0명
아이씨디,통신 판매업,0년 (2024년 설립),-,,-,-,1개,2명,,
제닉,포장용 플라스틱제품 제조업,10년 (2014년 설립),-,주식회사,"3,665만원",-,1개,31명,10명,6명/0명
삼원강재,자동차용 기타 신품 부품 제조업,32년 (1992년 설립),"3,641억 1,100만원",주식회사,"9,034만원",www.samwon-steel.co.kr,1개,274명,279명,18명/24명
상아프론테크,기계장비 조립용 플라스틱제품 제조업,38년 (1986년 설립),"1,327억 3,157만원",주식회사,"5,216만원",www.sftc.co.kr,1개,489명,451명,65명/42명
신세계인터내셔날,상품 종합 도매업,44년 (1980년 설립),"1조 3,245억 8,149만원",주식회사,"7,400만원",www.sikorea.co.kr,1개,"1,191명","1,047명",234명/232명
나이벡,기타 의료용 기기 제조업,20년 (2004년 설립),"216억 7,044만원",주식회사,"5,116만원",-,1개,70명,78명,28명/33명
옵티시스,기타 전자 부품 제조업,25년 (1999년 설립),"241억 6,639만원",주식회사,"4,352만원",www.opticis.com,1개,99명,91명,28명/19명
대양전기공업,기타 전기장비 제조업,36년 (1988년 설립),"1,191억 6,565만원",주식회사,"4,822만원",daeyang.co.kr,1개,369명,363명,54명/70명
한국항공우주,항공기용 엔진 및 부품 제조업,25년 (1999년 설립),-,주식회사,"11,031만원",www.koreaaero.com,1개,"5,103명","4,833명",449명/520명
롯데하이마트,가전제품 소매업,37년 (1987년 설립),"3조 3,368억 2,100만원",주식회사,"6,026만원",company.himart.co.kr,1개,"3,525명","3,987명","430명/1,597명"
서연탑메탈,기타 특수 목적용 기계 제조업,37년 (1987년 설립),"1,497억 144만원",주식회사,"6,737만원",www.seoyontop.com,1개,208명,195명,23명/27명
한세엠케이,"생활용 섬유제품, 의복, 의복 액세서리 및 모피제품 도매업",29년 (1995년 설립),"1,492억 9,620만원",주식회사,"5,498만원",www.mktrend.co.kr,1개,290명,270명,117명/118명
넥스트아이,시스템ㆍ응용 소프트웨어 개발 및 공급업,4년 (2020년 설립),-,,"2,139만원",-,1개,2명,,
티엔엔터테인먼트,한식 음식점업,17년 (2007년 설립),-,주식회사,"3,730만원",chorokbaemenm.com,5개,148명,91명,67명/35명
이마트,음ㆍ식료품 위주 종합 소매업,13년 (2011년 설립),"15조 538억 1,146만원",주식회사,"4,572만원",emartcompany.com/ko/main.do,1개,"3,044명","23,573명","5,341명/3,992명"
DGB금융지주,그 외 기타 금융업,13년 (2011년 설립),-,주식회사,"12,500만원",www.dgbfg.co.kr,1개,99명,95명,28명/23명
케이티스카이라이프,지상파 방송업,23년 (2001년 설립),"6,553억 5,412만원",주식회사,"8,961만원",www.ktskylife.co.kr,2개,446명,369명,36명/32명
세아특수강,기타 1차 철강 제조업,38년 (1986년 설립),"6,346억 3,043만원",주식회사,"7,933만원",www.seahsp.co.kr,1개,271명,294명,33명/52명
KX,상품 중개업,3년 (2021년 설립),-,주식회사,"4,565만원",-,1개,21명,28명,3명/3명
골프존뉴딘홀딩스,시스템ㆍ응용 소프트웨어 개발 및 공급업,24년 (2000년 설립),-,,"2,896만원",-,1개,44명,,
메리츠금융지주,증권 및 선물 중개업,13년 (2011년 설립),-,주식회사,"14,592만원",www.meritzgroup.com,1개,17명,35명,6명/16명
윈스,시스템ㆍ응용 소프트웨어 개발 및 공급업,13년 (2011년 설립),904억 94만원,주식회사,"5,016만원",www.wins21.co.kr,1개,0명,494명,117명/132명
하림,-,5년 (2019년 설립),-,주식회사,"4,171만원",-,1개,604명,594명,333명/322명
한국종합기술,서적 출판업,26년 (1998년 설립),"18억 9,164만원",주식회사,"3,479만원",-,1개,19명,16명,5명/3명
이퓨쳐,자동차 차체용 신품 부품 제조업,14년 (2010년 설립),-,기타 법인,"3,956만원",-,1개,11명,7명,0명/0명
티케이케미칼,1차 플라스틱제품 제조업,2년 (2022년 설립),-,기타 법인,"4,446만원",-,1개,40명,34명,8명/3명
롯데에너지머티리얼즈,기타 전자 부품 제조업,37년 (1987년 설립),-,주식회사,"6,429만원",www.lotteenergymaterials.com,2개,394명,592명,45명/112명
부스타,"냉ㆍ난방장치 및 철물, 수공구 도매업",2년 (2022년 설립),-,기타 법인,"5,024만원",-,1개,2명,4명,0명/2명
현대위아,건물설비 설치 공사업,48년 (1976년 설립),"6조 3,859억 2,100만원",주식회사,"11,681만원",www.hyundai-wia.com,1개,9명,"2,869명",225명/180명
선진,중고 자동차 판매업,10년 (2014년 설립),-,,"2,682만원",-,1개,24명,,
미원화학,기초 유기화학 물질 제조업,13년 (2011년 설립),"2,326억 1,576만원",주식회사,"7,141만원",www.miwonchemicals.com,2개,168명,119명,20명/28명
나노신소재,기초 무기화학 물질 제조업,24년 (2000년 설립),612억 611만원,주식회사,"5,480만원",anapro.com,1개,104명,271명,76명/103명
케이아이엔엑스,그 외 기타 정보 서비스업,24년 (2000년 설립),"674억 6,631만원",주식회사,"6,130만원",www.kinx.net,1개,151명,168명,17명/33명
LB세미콘,"다이오드, 트랜지스터 및 유사 반도체 소자 제조업",24년 (2000년 설립),-,주식회사,"4,839만원",www.lbsemicon.com,1개,684명,892명,243명/456명
딜리,시스템ㆍ응용 소프트웨어 개발 및 공급업,5년 (2019년 설립),"51억 5,949만원",주식회사,"3,997만원",-,1개,59명,42명,23명/19명
제이엔케이글로벌,"냉ㆍ난방장치 및 철물, 수공구 도매업",11년 (2013년 설립),-,기타 법인,"5,766만원",-,1개,4명,4명,2명/2명
블루콤,기타 전기장비 제조업,33년 (1991년 설립),"714억 9,935만원",주식회사,"4,865만원",www.bluec.co.kr,1개,56명,39명,15명/4명
인트론바이오,완제 의약품 제조업,25년 (1999년 설립),293억 800만원,주식회사,"5,764만원",www.intron.co.kr/,1개,77명,76명,27명/14명
시디즈,목재 가구 제조업,14년 (2010년 설립),"2,519억 3,690만원",주식회사,"5,042만원",www.sidiz.com,1개,168명,164명,35명/35명
커넥트웨이브,시스템ㆍ응용 소프트웨어 개발 및 공급업,22년 (2002년 설립),-,주식회사,"3,138만원",www.danawa.com,3개,826명,696명,205명/564명
알서포트,시스템ㆍ응용 소프트웨어 개발 및 공급업,14년 (2010년 설립),"419억 6,393만원",주식회사,"6,409만원",www.rsupport.com,1개,328명,294명,76명/41명
인텍플러스,"측정, 시험, 항해, 제어 및 기타 정밀 기기 제조업",29년 (1995년 설립),"1,196억 6,110만원",주식회사,"6,312만원",www.intekplus.com,1개,302명,382명,44명/66명
티에스이,"금속 단조, 압형 및 분말 야금제품 제조업",25년 (1999년 설립),-,기타 법인,"4,383만원",-,1개,42명,39명,9명/15명
한화엔진,내연기관 및 터빈 제조업; 항공기용 및 차량용 제외,25년 (1999년 설립),-,주식회사,"6,032만원",www.hsdengine.com,2개,752명,765명,47명/71명
대성에너지,그 외 기타 사업 지원 서비스업,6년 (2018년 설립),-,기타 법인,"3,399만원",-,1개,26명,25명,7명/7명
현대퓨처넷,통신 공사업,32년 (1992년 설립),339억 8만원,주식회사,"6,816만원",www.hyundaifuturenet.com,2개,67명,53명,11명/5명
대정화금,기초 무기화학 물질 제조업,38년 (1986년 설립),966억 788만원,주식회사,"4,402만원",www.daejung.kr,1개,162명,176명,54명/47명
KTis,컴퓨터 및 주변 기기 수리업,3년 (2021년 설립),-,기타 법인,"4,247만원",-,1개,1명,3명,0명/0명
한전산업,발전업,18년 (2006년 설립),-,기타 법인,"5,852만원",-,1개,20명,22명,3명/6명
피제이메탈,비철금속 주조업,14년 (2010년 설립),-,기타 법인,"5,932만원",-,1개,82명,62명,10명/6명
옵투스제약,완제 의약품 제조업,14년 (2010년 설립),-,주식회사,"4,445만원",www.optuspharm.com,1개,131명,175명,46명/71명
에이루트,기억 장치 및 주변 기기 제조업,22년 (2002년 설립),"371억 1,951만원",주식회사,"5,234만원",www.aroot.co.kr,1개,73명,81명,13명/16명
엘브이엠씨,회사본부,1년 (2023년 설립),-,,-,-,1개,2명,,
티비씨,"영화, 비디오물 및 방송 프로그램 제작업",13년 (2011년 설립),"3,635억 3,238만원",주식회사,"7,100만원",www.jtbc.co.kr/,1개,464명,422명,143명/55명
시그네틱스,기타 전자 부품 제조업,58년 (1966년 설립),"2,698억 5,434만원",주식회사,"6,074만원",www.signetics.com,1개,123명,103명,46명/32명
한국전자인증,시스템ㆍ응용 소프트웨어 개발 및 공급업,25년 (1999년 설립),"340억 4,436만원",주식회사,"4,760만원",www.crosscert.com,1개,90명,78명,22명/9명
디케이락,기타 건축자재 도매업,12년 (2012년 설립),-,기타 법인,"3,800만원",-,1개,6명,4명,1명/1명
위메이드플레이,시스템ㆍ응용 소프트웨어 개발 및 공급업,14년 (2010년 설립),"303억 5,089만원",주식회사,"6,032만원",-,1개,132명,144명,16명/25명
KH 미래물산,,,,,,,,,,
아나패스,기타 전자 부품 제조업,22년 (2002년 설립),"432억 9,192만원",주식회사,"10,487만원",www.anapass.com,1개,111명,116명,5명/10명
KNN,지상파 방송업,30년 (1994년 설립),"597억 5,100만원",주식회사,"9,541만원",www.knn.co.kr,3개,133명,143명,12명/13명
누리플랜,건축용 플라스틱제품 제조업,22년 (2002년 설립),-,주식회사,"4,361만원",-,1개,17명,3명,2명/0명
아이텍,시스템ㆍ응용 소프트웨어 개발 및 공급업,7년 (2017년 설립),-,주식회사,"3,414만원",-,1개,9명,12명,1명/4명
인화정공,내연기관 및 터빈 제조업; 항공기용 및 차량용 제외,25년 (1999년 설립),-,주식회사,"5,599만원",www.ihpre.co.kr,1개,77명,66명,5명/17명
셀피글로벌,인쇄업,26년 (1998년 설립),-,주식회사,"5,285만원",www.cardnsoft.com,1개,95명,99명,22명/22명
뉴온,기타 일반 목적용 기계 제조업,14년 (2010년 설립),-,주식회사,"6,241만원",www.vacuum-coater.com,1개,81명,80명,12명/12명
휠라홀딩스,"생활용 섬유제품, 의복, 의복 액세서리 및 모피제품 도매업",33년 (1991년 설립),"1,062억 5,952만원",주식회사,"8,925만원",www.filaholdings.com/kr/main/index.asp,1개,56명,55명,21명/22명
알파홀딩스,엔지니어링 서비스업,22년 (2002년 설립),"725억 2,894만원",주식회사,"6,682만원",www.alpha-holdings.co.kr,1개,78명,81명,15명/19명
포메탈,"금속 열처리, 도금 및 기타 금속 가공업",11년 (2013년 설립),-,기타 법인,"3,457만원",-,1개,3명,8명,1명/6명
다원시스,철도장비 제조업,28년 (1996년 설립),"2,935억 9,945만원",주식회사,"5,034만원",www.dawonsys.com,3개,670명,547명,235명/173명
현대홈쇼핑,통신 판매업,23년 (2001년 설립),1조 804억 366만원,주식회사,"6,477만원",www.hmall.com,2개,"1,041명","1,024명",140명/99명
씨젠,기초 의약 물질 및 생물학적 제제 제조업,24년 (2000년 설립),"1조 1,485억 8,642만원",주식회사,"7,994만원",www.seegene.co.kr,1개,921명,858명,139명/126명
와이솔,기타 스포츠 서비스업,2년 (2022년 설립),-,기타 법인,"3,328만원",-,1개,1명,3명,3명/1명
하이비젼시스템,사진장비 및 광학기기 제조업,14년 (2010년 설립),"2,545억 8,933만원",주식회사,"8,388만원",www.hyvision.co.kr,1개,334명,405명,67명/101명
화신정공,기타 일반 목적용 기계 제조업,29년 (1995년 설립),-,기타 법인,"4,064만원",-,1개,112명,106명,15명/25명
코리아에프티,자동차 차체용 신품 부품 제조업,14년 (2010년 설립),"2,622억 6,965만원",주식회사,"5,566만원",www.kftec.com,1개,254명,555명,101명/123명
도화엔지니어링,,,,,,,,,,
엠에스오토텍,자동차 차체용 신품 부품 제조업,34년 (1990년 설립),"1,806억 8,109만원",주식회사,"7,703만원",ms-global.com,2개,464명,10명,428명/54명
이글루,시스템ㆍ응용 소프트웨어 개발 및 공급업,25년 (1999년 설립),"905억 5,754만원",주식회사,"4,750만원",igloo.co.kr,2개,"1,038명","1,082명",255명/297명
대성산업,시스템ㆍ응용 소프트웨어 개발 및 공급업,12년 (2012년 설립),-,주식회사,"5,882만원",-,1개,41명,45명,6명/9명
아이마켓코리아,건물설비 설치 공사업,24년 (2000년 설립),"2조 3,534억 7,384만원",주식회사,"6,459만원",www.imarketkorea.com,1개,1명,412명,59명/57명
한미약품,-,14년 (2010년 설립),"9,170억 1,792만원",주식회사,"7,988만원",-,1개,"2,313명","2,355명",296명/393명
인터로조,사진장비 및 광학기기 제조업,24년 (2000년 설립),"1,163억 6,349만원",주식회사,"4,450만원",interojo.com,1개,591명,691명,259명/243명
하이텍팜,기초 의약 물질 및 생물학적 제제 제조업,26년 (1998년 설립),"1,029억 4,700만원",주식회사,"5,660만원",www.htpharm.com,2개,94명,51명,11명/9명
우진,전기 공사업,44년 (1980년 설립),-,주식회사,"7,455만원",www.woojininc.com,1개,9명,159명,9명/13명
무학,일반 교습학원,4년 (2020년 설립),-,기타 법인,"4,098만원",-,1개,8명,10명,5명/5명
에스디시스템,시스템ㆍ응용 소프트웨어 개발 및 공급업,5년 (2019년 설립),-,기타 법인,"4,426만원",-,1개,2명,3명,0명/0명
알톤,"음반 및 비디오물, 악기, 오락 및 경기용품 도매업",14년 (2010년 설립),-,주식회사,"5,733만원",www.altonsports.co.kr,1개,72명,72명,10명/5명
유비벨록스,시스템ㆍ응용 소프트웨어 개발 및 공급업,24년 (2000년 설립),"935억 3,281만원",주식회사,"5,638만원",www.veloxsoft.com,3개,349명,343명,64명/81명
오르비텍,"기술 시험, 검사 및 분석업",33년 (1991년 설립),"575억 2,401만원",주식회사,"5,372만원",orbitech.co.kr,1개,439명,413명,84명/71명
이연제약,회사본부,60년 (1964년 설립),"1,428억 136만원",주식회사,"8,554만원",reyonpharm.co.kr,1개,88명,256명,33명/32명
엑스큐어,시스템ㆍ응용 소프트웨어 개발 및 공급업,24년 (2000년 설립),-,주식회사,"6,347만원",www.xcure.co.kr,1개,39명,38명,9명/6명
투비소프트,시스템ㆍ응용 소프트웨어 개발 및 공급업,24년 (2000년 설립),"298억 7,884만원",주식회사,"6,197만원",www.tobesoft.com,2개,404명,208명,54명/62명
한국화장품,"세제, 화장품 및 광택제 제조업",62년 (1962년 설립),"1,038억 7,700만원",주식회사,"5,135만원",www.hkcosm.com,1개,93명,99명,12명/17명
에스제이엠,교육 지원 서비스업,9년 (2015년 설립),-,기타 법인,"2,269만원",-,1개,1명,3명,0명/0명
인피니트헬스케어,시스템ㆍ응용 소프트웨어 개발 및 공급업,22년 (2002년 설립),"412억 5,632만원",주식회사,"5,111만원",infinitt.com,1개,330명,298명,56명/43명
서진오토모티브,자동차 차체용 신품 부품 제조업,14년 (2010년 설립),"1,451억 6,634만원",주식회사,"7,209만원",www.secoautomotive.com,1개,218명,265명,24명/35명
인지소프트,시스템ㆍ응용 소프트웨어 개발 및 공급업,24년 (2000년 설립),-,주식회사,"5,864만원",inzisoft.com,1개,77명,153명,36명/29명
HL홀딩스,사무 지원 서비스업,25년 (1999년 설립),-,주식회사,"11,011만원",hlholdings.co.kr,1개,283명,304명,42명/56명
삼성생명,보험 및 연금관련 서비스업,24년 (2000년 설립),"2,090억 2,205만원",주식회사,"6,082만원",www.samsunglifeservice.com,1개,"2,206명","2,013명",302명/264명
신세계푸드,기관 구내식당업,45년 (1979년 설립),"1조 3,227억 431만원",주식회사,"4,836만원",www.shinsegaefood.com,1개,"4,016명","3,243명","1,362명/1,207명"
케이씨에스,-,5년 (2019년 설립),-,기타 법인,"5,178만원",-,1개,4명,5명,0명/0명
삼기,선박 및 수상 부유 구조물 건조업,1년 (2023년 설립),-,기타 법인,"2,611만원",-,1개,41명,40명,18명/20명
한화생명,생명보험업,78년 (1946년 설립),-,주식회사,"9,936만원",www.hanwhalife.com,1개,"2,725명","2,740명",244명/325명
이미지스,사무 지원 서비스업,10년 (2014년 설립),-,,"2,239만원",-,1개,10명,,
조선선재,"금속 파스너, 스프링 및 금속선 가공제품 제조업",27년 (1997년 설립),-,기타 법인,"5,251만원",-,1개,143명,100명,59명/14명
인포바인,시스템ㆍ응용 소프트웨어 개발 및 공급업,24년 (2000년 설립),"188억 5,371만원",주식회사,"5,550만원",www.infovine.co.kr,1개,75명,85명,9명/15명
하이소닉,기타 전자 부품 제조업,23년 (2001년 설립),-,주식회사,"4,738만원",www.hysonic.com,1개,20명,26명,11명/13명
모베이스,기계장비 조립용 플라스틱제품 제조업,5년 (2019년 설립),-,기타 법인,"4,732만원",-,1개,130명,123명,48명/50명
코오롱인더,화학섬유 제조업,14년 (2010년 설립),"5조 3,674억 7,355만원",주식회사,"7,303만원",www.kolonindustries.com/,1개,685명,628명,97명/83명
KC코트렐,"측정, 시험, 항해, 제어 및 기타 정밀 기기 제조업",14년 (2010년 설립),-,주식회사,"6,618만원",www.kc-cottrell.com/,3개,296명,210명,50명/27명
지역난방공사,보육시설 운영업,11년 (2013년 설립),-,기타 법인,"2,877만원",-,1개,10명,11명,12명/13명
락앤락,포장용 플라스틱제품 제조업,28년 (1996년 설립),-,,"5,076만원",-,1개,399명,,
스타플렉스,간판 및 광고물 제조업,28년 (1996년 설립),-,주식회사,"5,088만원",www.star-flex.com,1개,129명,104명,24명/30명
우리넷,유선 통신장비 제조업,24년 (2000년 설립),"604억 1,028만원",주식회사,"6,512만원",www.woori-net.com,1개,164명,179명,26명/34명
아세아텍,가공 공작기계 제조업,24년 (2000년 설립),-,기타 법인,"4,375만원",-,1개,9명,8명,3명/1명
영흥,전문 디자인업,7년 (2017년 설립),-,주식회사,"4,424만원",-,1개,25명,20명,9명/5명
폴라리스우노,그 외 기타 화학제품 제조업,13년 (2011년 설립),-,기타 법인,"5,153만원",-,1개,17명,15명,2명/0명
코디,시스템ㆍ응용 소프트웨어 개발 및 공급업,2년 (2022년 설립),-,주식회사,"4,476만원",-,1개,4명,5명,6명/6명
에스메디,"사무용 기기, 안경, 사진장비 및 정밀기기 소매업",1년 (2023년 설립),-,주식회사,"3,610만원",-,1개,1명,3명,0명/1명
글로벌에스엠,기타 기계 및 장비 도매업,12년 (2012년 설립),-,주식회사,"2,840만원",-,1개,5명,5명,0명/0명
DGI,시스템ㆍ응용 소프트웨어 개발 및 공급업,3년 (2021년 설립),-,기타 법인,"2,336만원",-,1개,3명,7명,2명/0명
그린생명과학,그 외 기타 화학제품 제조업,19년 (2005년 설립),-,주식회사,"5,613만원",www.kpxls.com/,1개,66명,68명,13명/13명
디와이피엔에프,그 외 기타 금속 가공제품 제조업,25년 (1999년 설립),"991억 8,139만원",주식회사,"5,725만원",www.dypnf.com,2개,191명,213명,40명/81명
위메이드,시스템ㆍ응용 소프트웨어 개발 및 공급업,24년 (2000년 설립),"2,111억 8,387만원",주식회사,"8,815만원",wemade.com,1개,590명,552명,193명/131명
한전기술,사업시설 유지ㆍ관리 서비스업,4년 (2020년 설립),-,기타 법인,"4,185만원",-,1개,191명,142명,21명/22명
이원컴포텍,자동차용 기타 신품 부품 제조업,30년 (1994년 설립),"477억 7,700만원",주식회사,"4,168만원",www.ewonseat.co.kr,1개,61명,107명,15명/67명
강원에너지,건물설비 설치 공사업,48년 (1976년 설립),"441억 6,315만원",주식회사,"4,653만원",kwenergy.co.kr,1개,14명,80명,28명/37명
GKL,보육시설 운영업,9년 (2015년 설립),-,개인,"3,096만원",-,1개,10명,7명,5명/4명
휴맥스,방송 및 무선 통신장비 제조업,5년 (2019년 설립),"1,023억 2,038만원",기타 법인,"6,032만원",www.humax-networks.com/kr,1개,174명,202명,13명/35명
SK,"측정, 시험, 항해, 제어 및 기타 정밀 기기 제조업",9년 (2015년 설립),"1억 2,450만원",주식회사,비공개,www.skylabs.io,1개,43명,65명,10명/29명
동방선기,구조용 금속제품 제조업,30년 (1994년 설립),-,주식회사,"3,678만원",www.dongbangsm.co.kr,1개,2명,7명,42명/13명
진매트릭스,자연과학 연구개발업,24년 (2000년 설립),"112억 1,400만원",주식회사,"4,366만원",www.genematrix.net,1개,60명,69명,8명/15명
황금에스티,기타 1차 철강 제조업,38년 (1986년 설립),"1,368억 6,941만원",주식회사,"4,933만원",www.hwangkum.com,1개,123명,118명,22명/25명
비츠로셀,일차전지 및 축전지 제조업,37년 (1987년 설립),"1,116억 6,240만원",주식회사,"5,724만원",www.vitzrocell.com,1개,388명,383명,50명/66명
하이트진로,증류주 및 합성주 제조업,70년 (1954년 설립),"1조 9,770억 9,962만원",주식회사,"11,250만원",www.hitejinro.com,1개,"3,046명","2,830명",222명/198명
한스바이오메드,기타 의료용 기기 제조업,25년 (1999년 설립),"399억 8,830만원",주식회사,"4,452만원",hansbiomed.com,1개,277명,234명,44명/46명
동양생명,생명보험업,35년 (1989년 설립),-,주식회사,"11,070만원",www.myangel.co.kr,1개,931명,47명,9명/14명
아이앤씨,시스템ㆍ응용 소프트웨어 개발 및 공급업,19년 (2005년 설립),"418억 9,336만원",주식회사,"6,097만원",www.plateer.com/,2개,267명,285명,53명/64명
유니온머티리얼,회사본부,24년 (2000년 설립),"1,176억 5,150만원",주식회사,"8,067만원",unionmaterials.com,2개,121명,295명,21명/14명
케이엔더블유,합성고무 및 플라스틱 물질 제조업,23년 (2001년 설립),-,주식회사,"6,506만원",www.knwkorea.com,1개,38명,28명,12명/11명
형지엘리트,"생활용 섬유제품, 의복, 의복 액세서리 및 모피제품 도매업",22년 (2002년 설립),"580억 6,550만원",주식회사,"4,546만원",www.hyungji-elite.com,1개,103명,128명,29명/56명
디에스케이,"컴퓨터 시스템 통합 자문, 구축 및 관리업",21년 (2003년 설립),-,기타 법인,"5,070만원",-,1개,10명,16명,3명/6명
제넥신,사무 지원 서비스업,25년 (1999년 설립),"383억 2,045만원",주식회사,"7,660만원",genexine.com,1개,103명,76명,32명/10명
톱텍,건물설비 설치 공사업,28년 (1996년 설립),"1,401억 3,747만원",주식회사,"6,425만원",toptec.co.kr,1개,1명,484명,97명/142명
동국S&C,,,,,,,,,,
에스앤더블류,"금속 파스너, 스프링 및 금속선 가공제품 제조업",34년 (1990년 설립),-,주식회사,"4,629만원",www.snwcorp.com,1개,101명,107명,11명/20명
키움증권,증권 및 선물 중개업,24년 (2000년 설립),-,주식회사,"11,290만원",www.kiwoom.com,1개,904명,955명,132명/192명
영원무역,그 외 기타 금융업,50년 (1974년 설립),-,주식회사,"8,002만원",-,1개,49명,51명,13명/16명
컴투스홀딩스,게임 소프트웨어 개발 및 공급업,24년 (2000년 설립),"521억 6,027만원",주식회사,"9,627만원",www.gamevil.com,1개,144명,160명,36명/43명
동일금속,구조용 금속제품 제조업,6년 (2018년 설립),-,기타 법인,"4,853만원",-,1개,5명,5명,4명/1명
한미글로벌,합성고무 및 플라스틱 물질 제조업,26년 (1998년 설립),"121억 2,907만원",기타 법인,"7,490만원",-,1개,6명,5명,0명/0명
동아지질,건설장비 운영업,51년 (1973년 설립),"2,894억 8,237만원",주식회사,"6,330만원",www.dage.co.kr,2개,325명,264명,81명/77명
어보브반도체,,,,,,,,,,
위메이드맥스,게임 소프트웨어 개발 및 공급업,27년 (1997년 설립),"85억 1,845만원",주식회사,"5,891만원",www.wemademax.com,1개,23명,21명,2명/1명
이엔에프테크놀로지,기초 유기화학 물질 제조업,24년 (2000년 설립),"4,584억 133만원",주식회사,"5,644만원",www.enftech.com/,1개,172명,560명,79명/94명
스맥,시스템ㆍ응용 소프트웨어 개발 및 공급업,1년 (2023년 설립),-,기타 법인,"4,252만원",-,1개,1명,4명,0명/2명
SDN,,,,,,,,,,
한국정밀기계,가공 공작기계 제조업,36년 (1988년 설립),"422억 9,200만원",주식회사,"6,068만원",www.hnkkorea.com,1개,241명,230명,25명/28명
STX중공업,선박 및 수상 부유 구조물 건조업,23년 (2001년 설립),"1,334억 8,876만원",주식회사,"6,661만원",www.stxhi.co.kr,1개,283명,293명,9명/11명
흥국,손해 및 보증보험업,76년 (1948년 설립),-,주식회사,"7,402만원",www.insurance.co.kr,2개,928명,940명,130명/185명
우림피티에스,건물설비 설치 공사업,24년 (2000년 설립),"605억 4,438만원",주식회사,"5,669만원",www.woorimgear.co.kr,1개,3명,127명,27명/47명
티플랙스,"금속 열처리, 도금 및 기타 금속 가공업",33년 (1991년 설립),"2,577억 4,000만원",주식회사,"6,833만원",www.tplex.co.kr,1개,69명,62명,25명/20명
에스티오,엔지니어링 서비스업,13년 (2011년 설립),-,기타 법인,"5,852만원",-,1개,18명,18명,9명/5명
에이테크솔루션,기타 특수 목적용 기계 제조업,23년 (2001년 설립),"1,976억 9,157만원",주식회사,"4,646만원",www.atechsolution.co.kr,1개,350명,347명,93명/94명
에스앤에스텍,기타 전자 부품 제조업,23년 (2001년 설립),"984억 6,895만원",주식회사,"5,019만원",www.snstech.co.kr,1개,237명,295명,42명/62명
뷰웍스,기타 의료용 기기 제조업,25년 (1999년 설립),"1,827억 2,190만원",주식회사,"6,925만원",www.vieworks.com,1개,413명,473명,79명/87명
코오롱생명과학,그 외 기타 분류 안된 제품 제조업,24년 (2000년 설립),"1,650억 6,416만원",주식회사,"5,774만원",-,1개,98명,90명,17명/16명
엔시트론,"다이오드, 트랜지스터 및 유사 반도체 소자 제조업",24년 (2000년 설립),-,주식회사,"6,646만원",www.neofidelity.com,1개,12명,14명,3명/2명
한세실업,기타 봉제의복 제조업,15년 (2009년 설립),"1조 6,203억 5,119만원",주식회사,"8,215만원",www.hansae.com,1개,512명,435명,217명/192명
주성코퍼레이션,그 외 기타 운송관련 서비스업,0년 (2024년 설립),-,기타 법인,"5,849만원",-,1개,1명,9명,0명/9명
파인테크닉스,회사본부,1년 (2023년 설립),-,기타 법인,804만원,-,1개,1명,3명,0명/2명
미원홀딩스,그 외 기타 금융업,15년 (2009년 설립),-,주식회사,"6,409만원",-,1개,16명,21명,0명/1명
이수앱지스,자연과학 연구개발업,23년 (2001년 설립),"411억 7,000만원",주식회사,"5,718만원",www.abxis.com,1개,162명,174명,15명/36명
대성파인텍,건물설비 설치 공사업,24년 (2000년 설립),"272억 5,518만원",주식회사,"4,856만원",www.dsfinetec.com,1개,1명,111명,25명/17명
유비쿼스홀딩스,시스템ㆍ응용 소프트웨어 개발 및 공급업,24년 (2000년 설립),-,주식회사,"7,578만원",www.ubiquoss.com,2개,16명,22명,4명/11명
메디톡스,완제 의약품 제조업,24년 (2000년 설립),"1,687억 1,545만원",주식회사,"7,347만원",www.medytox.com,1개,654명,743명,100명/153명
아이컴포넌트,기타 플라스틱 제품 제조업,10년 (2014년 설립),-,기타 법인,"4,470만원",-,1개,30명,36명,10명/12명
NAVER,여행사업,3년 (2021년 설립),-,주식회사,"5,043만원",-,1개,15명,41명,6명/20명
이크레더블,시스템ㆍ응용 소프트웨어 개발 및 공급업,23년 (2001년 설립),"442억 6,305만원",주식회사,"6,183만원",www.ecredible.co.kr,1개,184명,207명,36명/46명
부국철강,"금속 열처리, 도금 및 기타 금속 가공업",26년 (1998년 설립),-,주식회사,"5,485만원",-,1개,61명,51명,11명/9명
KB금융,,,,,,,,,,
세운메디칼,기타 의료용 기기 제조업,42년 (1982년 설립),607억 603만원,주식회사,"4,470만원",SEWOONMEDICAL.CO.KR,1개,203명,173명,25명/11명
한국철강,1차 금속제품 및 금속광물 도매업,26년 (1998년 설립),-,기타 법인,"5,328만원",-,1개,11명,12명,1명/0명
마이크로컨텍솔,전기 공급 및 제어장치 제조업,25년 (1999년 설립),"603억 2,759만원",주식회사,"5,096만원",www.mcsgroup.co.kr,1개,164명,167명,57명/74명
이엠앤아이,자동차 차체용 신품 부품 제조업,29년 (1995년 설립),-,기타 법인,"6,032만원",-,1개,288명,235명,20명/11명
일진전기,전기 공급 및 제어장치 제조업,16년 (2008년 설립),"9,287억 2,441만원",주식회사,"5,762만원",-,1개,854명,932명,154명/250명
풍산,부동산 임대업,13년 (2011년 설립),-,기타 법인,"3,296만원",-,1개,12명,5명,0명/0명
LG이노텍,방송 및 무선 통신장비 제조업,48년 (1976년 설립),"14조 5,948억 1,551만원",주식회사,"8,855만원",www.lginnotek.co.kr,1개,"14,326명","15,201명","7,044명/7,011명"
아이엠,시스템ㆍ응용 소프트웨어 개발 및 공급업,6년 (2018년 설립),-,주식회사,"4,831만원",-,1개,14명,16명,19명/12명
웰크론한텍,음ㆍ식료품 및 담배 가공기계 제조업,29년 (1995년 설립),"3,263억 8,370만원",주식회사,"6,644만원",www.welcronhantec.co.kr,1개,282명,205명,87명/42명
하이드로리튬,기반조성 관련 전문공사업,29년 (1995년 설립),-,주식회사,"6,587만원",-,1개,1명,40명,8명/6명
슈프리마에이치큐,시스템ㆍ응용 소프트웨어 개발 및 공급업,24년 (2000년 설립),"163억 9,576만원",주식회사,"6,864만원",www.suprema.co.kr,1개,42명,60명,11명/20명
명문제약,-,41년 (1983년 설립),"1,231억 7,707만원",주식회사,"5,799만원",www.mmpharm.co.kr,1개,108명,282명,39명/47명
서울옥션,상품 중개업,26년 (1998년 설립),"742억 9,475만원",주식회사,"4,501만원",www.seoulauction.com,1개,139명,114명,59명/49명
이스트소프트,시스템ㆍ응용 소프트웨어 개발 및 공급업,31년 (1993년 설립),288억 956만원,주식회사,"4,705만원",-,1개,179명,207명,53명/71명
비상교육,기타 인쇄물 출판업,22년 (2002년 설립),"1,677억 4,156만원",주식회사,"4,799만원",www.visang.com,1개,"1,065명","1,050명",237명/240명
크레버스,외국어학원 및 기타 교습학원,22년 (2002년 설립),"1,105억 6,070만원",주식회사,"3,772만원",creverse.com,1개,"1,135명",954명,525명/546명
동성케미컬,석유 정제물 재처리업,16년 (2008년 설립),-,주식회사,"7,194만원",idongsung.com,2개,212명,562명,116명/98명
월덱스,반도체 및 디스플레이 제조용 기계 제조업,24년 (2000년 설립),"1,558억 1,676만원",주식회사,"5,141만원",www.worldexint.com,1개,328명,353명,84명/122명
쎄트렉아이,기타 전자 부품 제조업,25년 (1999년 설립),"662억 2,519만원",주식회사,"6,797만원",www.satreci.com,1개,382명,449명,37명/109명
쌍방울,속옷 및 잠옷 제조업,16년 (2008년 설립),"919억 5,538만원",주식회사,"4,084만원",www.sbw.co.kr,1개,196명,172명,64명/41명
브리지텍,시스템ㆍ응용 소프트웨어 개발 및 공급업,29년 (1995년 설립),"543억 6,305만원",주식회사,"7,032만원",www.bridgetec.co.kr,1개,187명,175명,13명/7명
고영,"측정, 시험, 항해, 제어 및 기타 정밀 기기 제조업",22년 (2002년 설립),"2,301억 4,351만원",주식회사,"6,470만원",www.kohyoung.com,1개,466명,454명,72명/72명
조이시티,시스템ㆍ응용 소프트웨어 개발 및 공급업,30년 (1994년 설립),"2,008억 7,313만원",주식회사,"6,400만원",www.joycity.com,1개,350명,343명,84명/80명
우진비앤지,동물용 의약품 제조업,39년 (1985년 설립),"245억 9,162만원",주식회사,"5,384만원",www.woogenebng.com,1개,95명,90명,13명/14명
테스,시스템ㆍ응용 소프트웨어 개발 및 공급업,4년 (2020년 설립),-,주식회사,"5,852만원",-,1개,4명,8명,9명/9명
예스24,통신 판매업,25년 (1999년 설립),"6,491억 1,402만원",주식회사,"2,408만원",https://company.yes24.com,1개,486명,458명,109명/87명
엘디티,시스템ㆍ응용 소프트웨어 개발 및 공급업,17년 (2007년 설립),"16억 2,576만원",주식회사,"5,078만원",-,1개,143명,129명,104명/106명
LG유플러스,무선 및 위성 통신업,28년 (1996년 설립),"12조 8,042억 200만원",주식회사,"9,960만원",www.uplus.co.kr,3개,"10,984명","10,229명",872명/803명
메타바이오메드,의료용품 및 기타 의약 관련제품 제조업,25년 (1999년 설립),"533억 3,478만원",주식회사,"5,285만원",wwwlmeta-biomed.com,1개,282명,269명,55명/51명
효성오앤비,비료 및 질소 화합물 제조업,40년 (1984년 설립),"289억 6,389만원",주식회사,"4,079만원",www.hsonb.com,1개,76명,56명,19명/17명
인바이오젠,"의약품, 의료용 기구, 화장품 및 방향제 소매업",2년 (2022년 설립),-,주식회사,"4,900만원",-,1개,1명,5명,0명/1명
SNT에너지,전기 공급 및 제어장치 제조업,16년 (2008년 설립),-,주식회사,"7,215만원",www.hisnt.com,2개,258명,229명,22명/7명
진양홀딩스,경영 컨설팅 및 공공 관계 서비스업,16년 (2008년 설립),-,주식회사,"4,670만원",cyholdings.kr,1개,4명,5명,0명/0명
한울소재과학,엔지니어링 서비스업,24년 (2000년 설립),"302억 6,591만원",주식회사,"5,329만원",www.telefield.com,2개,104명,90명,42명/40명
이트론,건물설비 설치 공사업,38년 (1986년 설립),"274억 7,605만원",주식회사,"5,429만원",www.hitron.co.kr,1개,0명,33명,35명/17명
엔케이,"의약품, 의료용품 및 화장품 도매업",6년 (2018년 설립),비공개,주식회사,비공개,cnkcosmetics.co.kr,1개,비공개,비공개,비공개
에스코넥,재생용 재료 및 기타 상품 전문 도매업,24년 (2000년 설립),"864억 6,648만원",주식회사,"11,177만원",www.s-connect.co.kr,1개,68명,65명,5명/4명
일신바이오,기타 기계 및 장비 도매업,2년 (2022년 설립),-,기타 법인,"3,881만원",-,1개,6명,5명,5명/1명
서원인텍,기타 전자 부품 제조업,41년 (1983년 설립),"1,297억 8,548만원",주식회사,"4,169만원",seowonintech.co.kr,1개,100명,108명,15명/5명
이씨에스,-,25년 (1999년 설립),"1,006억 1,478만원",주식회사,"8,044만원",www.ecstel.co.kr,1개,201명,210명,17명/25명
대창솔루션,내연기관 및 터빈 제조업; 항공기용 및 차량용 제외,47년 (1977년 설립),"300억 5,923만원",주식회사,"4,901만원",www.dcm.co.kr,1개,138명,124명,21명/13명
한전KPS,-,40년 (1984년 설립),"1조 3,756억 6,768만원",주식회사,"7,902만원",www.kps.co.kr,2개,"7,469명","6,319명",489명/442명
아이에스이커머스,통신 판매업,23년 (2001년 설립),"95억 1,511만원",주식회사,"4,406만원",www.isecommerce.co.kr,1개,64명,75명,4명/3명
알에프세미,전기 공사업,25년 (1999년 설립),"352억 6,119만원",주식회사,"4,298만원",http://www.rfsemi.co.kr/,2개,155명,122명,63명/50명
디엔에프,"도장, 도배 및 내장 공사업",15년 (2009년 설립),-,기타 법인,"3,420만원",-,1개,1명,9명,0명/4명
일진파워,기타 일반 목적용 기계 제조업,34년 (1990년 설립),"1,224억 7,650만원",주식회사,"5,992만원",ijeng.com,6개,905명,570명,479명/474명
비엠티,"가전제품, 통신장비 및 부품 도매업",16년 (2008년 설립),-,주식회사,"4,248만원",-,1개,7명,7명,1명/0명
이아이디,,,,,,,,,,
기신정기,기타 특수 목적용 기계 제조업,36년 (1988년 설립),"1,118억 3,141만원",주식회사,"5,283만원",www.kishin.com,1개,436명,413명,75명/69명
이엠코리아,가공 공작기계 제조업,21년 (2003년 설립),"843억 5,369만원",주식회사,"5,899만원",www.yesemk.com,1개,72명,76명,8명/19명
KSS해운,그 외 기타 운송관련 서비스업,40년 (1984년 설립),-,주식회사,"6,670만원",www.kssline.com,3개,360명,61명,9명/23명
효성 ITX,시스템ㆍ응용 소프트웨어 개발 및 공급업,26년 (1998년 설립),-,주식회사,"4,235만원",www.itxai.com,1개,79명,78명,3명/1명
현우산업,"펌프 및 압축기 제조업; 탭, 밸브 및 유사 장치 제조 포함",26년 (1998년 설립),-,기타 법인,"3,882만원",-,1개,18명,18명,8명/9명
유나이티드,통신 판매업,5년 (2019년 설립),"85억 8,617만원",주식회사,"3,979만원",-,1개,21명,13명,7명/4명
케이알엠,엔지니어링 서비스업,26년 (1998년 설립),-,주식회사,"7,233만원",www.tamulm.com,1개,23명,45명,13명/20명
디아이씨,자동차용 신품 동력 전달장치 및 전기장치 제조업,4년 (2020년 설립),-,기타 법인,"5,182만원",-,1개,7명,9명,1명/2명
에스에너지,그 외 기타 사업 지원 서비스업,12년 (2012년 설립),"1,295억 100만원",주식회사,"15,344만원",www.gsenergy.co.kr,1개,202명,210명,19명/22명
성우전자,방송 및 무선 통신장비 제조업,37년 (1987년 설립),-,주식회사,"5,536만원",www.swei.co.kr,1개,93명,90명,24명/17명
엘엠에스,비철금속 주조업,8년 (2016년 설립),-,기타 법인,"5,131만원",-,1개,18명,88명,23명/14명
제이엠티,그 외 기타 운송관련 서비스업,16년 (2008년 설립),-,기타 법인,"3,902만원",-,1개,20명,5명,1명/2명
오디텍,가정용 전기 기기 제조업,12년 (2012년 설립),-,기타 법인,"3,493만원",-,2개,6명,6명,0명/0명
ISC,시스템ㆍ응용 소프트웨어 개발 및 공급업,6년 (2018년 설립),33억 774만원,주식회사,"5,472만원",-,1개,101명,33명,43명/14명
네오티스,인쇄회로기판 및 전자부품 실장기판 제조업,24년 (2000년 설립),"455억 8,785만원",주식회사,"4,362만원",www.neotis.co.kr,1개,213명,200명,75명/77명
미래나노텍,기타 전자 부품 제조업,22년 (2002년 설립),"3,164억 5,406만원",주식회사,"5,588만원",www.mntech.co.kr,1개,337명,442명,110명/209명
상보,통신 공사업,13년 (2011년 설립),"1,736억 2,411만원",주식회사,"6,435만원",www.idisglobal.com,1개,13명,418명,54명/68명
CJ제일제당,-,17년 (2007년 설립),"6조 7,960억 6,732만원",주식회사,"7,414만원",www.cj.co.kr,1개,"8,839명","8,670명","1,873명/1,617명"
바이오톡스텍,자연과학 연구개발업,24년 (2000년 설립),"326억 7,315만원",주식회사,"4,922만원",www.biotoxtech.com,1개,256명,223명,87명/62명
팬오션,외항 운송업,58년 (1966년 설립),"4조 692억 1,900만원",주식회사,"10,389만원",www.panocean.com,1개,790명,394명,19명/29명
옴니시스템,통신 공사업,27년 (1997년 설립),"686억 6,786만원",주식회사,"4,566만원",www.omnisystem.co.kr,2개,71명,52명,23명/17명
푸른기술,구조용 금속제품 제조업,3년 (2021년 설립),-,주식회사,"3,449만원",-,1개,7명,12명,2명/6명
웨이브일렉트로,방송 및 무선 통신장비 제조업,25년 (1999년 설립),"367억 2,276만원",주식회사,"5,646만원",www.wavetc.com,1개,116명,136명,24명/38명
빅솔론,엔지니어링 서비스업,22년 (2002년 설립),"871억 9,627만원",주식회사,"7,637만원",www.bixolon.com,1개,105명,119명,11명/11명
JW홀딩스,"의약품, 의료용품 및 화장품 도매업",17년 (2007년 설립),"841억 2,736만원",주식회사,"7,137만원",jw-holdings.co.kr,1개,152명,130명,32명/25명
S&K폴리텍,,,,,,,,,,
SK이노베이션,원유 정제처리업,17년 (2007년 설립),"3조 9,860억 6,837만원",주식회사,"14,887만원",www.SKinnovation.com,1개,"2,370명","1,533명",270명/211명
율호,시스템ㆍ응용 소프트웨어 개발 및 공급업,26년 (1998년 설립),"663억 8,903만원",주식회사,"7,511만원",www.neodian.co.kr,1개,33명,34명,12명/16명
갤럭시아머니트리,시스템ㆍ응용 소프트웨어 개발 및 공급업,30년 (1994년 설립),"941억 5,906만원",주식회사,"6,593만원",www.galaxiamoneytree.co.kr,1개,129명,143명,31명/36명
에코프로,기초 유기화학 물질 제조업,8년 (2016년 설립),"1조 4,861억 3,757만원",주식회사,"6,524만원",www.ecoprobm.co.kr,2개,"2,578명","1,420명",138명/305명
대산F&B,시스템ㆍ응용 소프트웨어 개발 및 공급업,7년 (2017년 설립),-,기타 법인,"5,882만원",-,1개,19명,33명,11명/25명
컴투스,기타 정보 기술 및 컴퓨터 운영 관련 서비스업,8년 (2016년 설립),"202억 8,737만원",주식회사,"6,032만원",-,1개,173명,193명,26명/37명
네오위즈,게임 소프트웨어 개발 및 공급업,17년 (2007년 설립),"2,160억 9,708만원",주식회사,"8,350만원",www.neowizgames.com,1개,993명,970명,217명/122명
삼성카드,그 외 기타 사업 지원 서비스업,10년 (2014년 설립),"1,079억 7,885만원",기타 법인,"5,772만원",-,1개,"1,210명","1,049명",146명/163명
앤씨앤,상품 종합 도매업,9년 (2015년 설립),-,,"4,396만원",-,1개,6명,,
엔텔스,시스템ㆍ응용 소프트웨어 개발 및 공급업,24년 (2000년 설립),"562억 3,231만원",주식회사,"6,111만원",www.ntels.com,1개,218명,211명,37명/21명
알루코,가공 공작기계 제조업,13년 (2011년 설립),-,기타 법인,"4,242만원",-,1개,12명,10명,4명/5명
풍강,육류 가공 및 저장 처리업,7년 (2017년 설립),-,주식회사,"3,049만원",-,1개,4명,4명,0명/0명
웅진씽크빅,서적 출판업,17년 (2007년 설립),"6,864억 9,745만원",주식회사,"4,227만원",www.wjthinkbig.com,3개,"2,103명","1,727명",620명/517명
동국제약,기초 의약 물질 및 생물학적 제제 제조업,56년 (1968년 설립),"5,153억 8,394만원",주식회사,"6,634만원",www.dkpharm.co.kr,1개,722명,"1,145명",280명/280명
케이프,시스템ㆍ응용 소프트웨어 개발 및 공급업,8년 (2016년 설립),"23억 7,148만원",주식회사,"5,536만원",-,1개,89명,94명,37명/37명
상신이디피,일차전지 및 축전지 제조업,29년 (1995년 설립),-,기타 법인,"4,084만원",-,1개,44명,40명,33명/32명
한라IMS,건물설비 설치 공사업,29년 (1995년 설립),"532억 2,986만원",주식회사,"5,405만원",www.hanlalevel.co.kr,2개,188명,194명,22명/36명
에프알텍,전기 공사업,24년 (2000년 설립),"215억 6,508만원",주식회사,"6,176만원",www.frtek.co.kr,1개,2명,45명,11명/15명
이엠텍,"냉ㆍ난방장치 및 철물, 수공구 도매업",4년 (2020년 설립),-,기타 법인,"4,853만원",-,1개,1명,3명,0명/0명
참좋은여행,여행사업,17년 (2007년 설립),"48억 5,907만원",주식회사,"4,071만원",www.verygoodtourcompany.com,1개,227명,332명,115명/165명
네오리진,시스템ㆍ응용 소프트웨어 개발 및 공급업,17년 (2007년 설립),"206억 4,510만원",주식회사,"7,148만원",www.kornicglory.co.kr,1개,21명,12명,1명/8명
LS증권,증권 및 선물 중개업,25년 (1999년 설립),-,주식회사,"11,853만원",www.ebestsec.co.kr,1개,544명,543명,31명/34명
매커스,기타 기계 및 장비 도매업,18년 (2006년 설립),-,주식회사,"11,834만원",www.makus.co.kr,1개,48명,45명,5명/3명
나노캠텍,"측정, 시험, 항해, 제어 및 기타 정밀 기기 제조업",25년 (1999년 설립),"204억 8,985만원",주식회사,"4,581만원",www.nanosbiz.com,1개,58명,48명,20명/14명
네오팜,"과실, 채소 가공 및 저장 처리업",10년 (2014년 설립),-,주식회사,"3,965만원",-,1개,3명,4명,1명/0명
오스코텍,완제 의약품 제조업,26년 (1998년 설립),"38억 9,432만원",주식회사,"4,840만원",www.oscotec.com,1개,35명,39명,4명/5명
켐트로닉스,기초 유기화학 물질 제조업,27년 (1997년 설립),"3,866억 2,610만원",주식회사,"4,204만원",www.chemtronics.co.kr,1개,509명,532명,79명/136명
제이스텍,기타 일반 목적용 기계 제조업,29년 (1995년 설립),"815억 5,274만원",주식회사,"6,754만원",www.astjetec.co.kr,1개,263명,276명,44명/53명
동아엘텍,"측정, 시험, 항해, 제어 및 기타 정밀 기기 제조업",25년 (1999년 설립),"1,191억 13만원",주식회사,"6,842만원",www.dongaeltek.co.kr,2개,145명,148명,8명/13명
메타랩스,그 외 기타 정보 서비스업,11년 (2013년 설립),"91억 1,425만원",,"4,462만원",-,1개,206명,,
후성,자동차용 기타 신품 부품 제조업,28년 (1996년 설립),"1,196억 296만원",기타 법인,"5,171만원",-,1개,201명,203명,31명/39명
휴온스글로벌,그 외 기타 금융업,37년 (1987년 설립),"321억 9,403만원",주식회사,"6,689만원",www.huonsglobal.com,1개,114명,120명,44명/42명
케이씨티,공학 연구개발업,23년 (2001년 설립),-,기타 법인,"4,866만원",-,1개,220명,230명,40명/51명
파트론,그 외 기타 사업 지원 서비스업,21년 (2003년 설립),"1조 2,217억 2,080만원",주식회사,"5,832만원",www.partron.co.kr,1개,525명,535명,65명/71명
유니테스트,"측정, 시험, 항해, 제어 및 기타 정밀 기기 제조업",24년 (2000년 설립),"1,066억 267만원",주식회사,"6,015만원",www.uni-test.com,1개,206명,196명,29명/24명
휴림로봇,기타 전자 부품 제조업,26년 (1998년 설립),"265억 6,011만원",주식회사,"4,434만원",www.dstrobot.com,1개,81명,63명,26명/9명
LF,시스템ㆍ응용 소프트웨어 개발 및 공급업,15년 (2009년 설립),"173억 2,663만원",기타 법인,"6,032만원",-,1개,154명,191명,13명/22명
에스에이티,반도체 및 디스플레이 제조용 기계 제조업,12년 (2012년 설립),-,기타 법인,"5,363만원",-,1개,4명,5명,0명/0명
큐에스아이,"측정, 시험, 항해, 제어 및 기타 정밀 기기 제조업",1년 (2023년 설립),-,기타 법인,"4,366만원",-,1개,3명,6명,1명/7명
멀티캠퍼스,그 외 기타 교육기관,24년 (2000년 설립),"2,958억 2,226만원",주식회사,"3,920만원",www.multicampus.com,1개,893명,880명,183명/163명
주연테크,조명장치 제조업,6년 (2018년 설립),-,기타 법인,"3,928만원",-,1개,4명,5명,2명/4명
코스맥스비티아이,,,,,,,,,,
코세스,간판 및 광고물 제조업,15년 (2009년 설립),-,주식회사,"2,762만원",-,1개,6명,4명,1명/0명
인천도시가스,연료용 가스 제조 및 배관공급업,41년 (1983년 설립),"7,813억 3,700만원",주식회사,"8,722만원",www.icgas.co.kr,1개,196명,196명,10명/9명
성창오토텍,자동차용 기타 신품 부품 제조업,28년 (1996년 설립),"864억 1,502만원",주식회사,"4,669만원",www.sc-autotech.com,1개,172명,120명,111명/61명
넥스턴바이오,자연과학 연구개발업,3년 (2021년 설립),-,기타 법인,"3,346만원",-,1개,7명,6명,1명/1명
제이티,"영화, 비디오물 및 방송 프로그램 제작업",13년 (2011년 설립),"3,635억 3,238만원",주식회사,"7,100만원",www.jtbc.co.kr/,1개,464명,422명,143명/55명
아이윈,기타 전기장비 제조업,25년 (1999년 설립),-,주식회사,"5,141만원",www.kwangjinwintec.com,1개,63명,64명,3명/3명
이녹스,1차 금속제품 및 금속광물 도매업,10년 (2014년 설립),-,기타 법인,"5,586만원",-,1개,5명,5명,2명/2명
삼정펄프,기타 종이 및 판지 제품 제조업,50년 (1974년 설립),"1,381억 3,718만원",주식회사,"6,204만원",www.sjpulp.com,2개,140명,82명,15명/16명
KEC,통신 판매업,5년 (2019년 설립),-,주식회사,"4,292만원",-,1개,8명,12명,4명/5명
KPX홀딩스,그 외 기타 사업 지원 서비스업,18년 (2006년 설립),-,주식회사,"8,431만원",www.kpxholdings.com,1개,22명,22명,1명/3명
THE E&M,광고 대행업,5년 (2019년 설립),-,,"3,260만원",-,1개,7명,,
바텍,경영 컨설팅 및 공공 관계 서비스업,19년 (2005년 설립),"75억 5,076만원",기타 법인,"5,614만원",-,1개,68명,57명,22명/17명
MDS테크,시스템ㆍ응용 소프트웨어 개발 및 공급업,26년 (1998년 설립),-,주식회사,"5,204만원",www.mdstech.co.kr,2개,127명,139명,22명/31명
HDC현대EP,화학 물질 및 화학제품 도매업,24년 (2000년 설립),-,주식회사,"6,421만원",www.hdc-hyundaiep.com/,2개,210명,386명,29명/42명
루멘스,"다이오드, 트랜지스터 및 유사 반도체 소자 제조업",28년 (1996년 설립),"1,297억 5,884만원",주식회사,"5,895만원",www.lumens.co.kr,1개,100명,94명,11명/12명
세원이앤씨,-,6년 (2018년 설립),-,기타 법인,"4,170만원",-,2개,3명,7명,1명/1명
CSA 코스믹,기타 광고업,13년 (2011년 설립),"13억 7,099만원",기타 법인,"4,826만원",-,1개,11명,15명,4명/3명
티엘아이,엔지니어링 서비스업,26년 (1998년 설립),"290억 1,265만원",주식회사,"11,858만원",www.tli.co.kr,1개,78명,104명,17명/25명
한국전자금융,그 외 기타 사업 지원 서비스업,24년 (2000년 설립),"2,594억 3,500만원",주식회사,"6,321만원",www.nicetcm.co.kr,2개,551명,446명,115명/54명
쇼박스,영화 및 비디오물 상영업,25년 (1999년 설립),"506억 7,608만원",주식회사,"8,154만원",www.showbox.co.kr,1개,60명,58명,11명/12명
팬엔터테인먼트,"영화, 비디오물 및 방송 프로그램 제작업",26년 (1998년 설립),"253억 2,081만원",주식회사,"4,906만원",www.thepan.co.kr,2개,27명,24명,4명/3명
인포뱅크,시스템ㆍ응용 소프트웨어 개발 및 공급업,29년 (1995년 설립),"1,010억 2,747만원",주식회사,"6,284만원",www.infobank.net,2개,173명,178명,25명/35명
노루페인트,"잉크, 페인트, 코팅제 및 유사제품 제조업",18년 (2006년 설립),"6,469억 5,292만원",주식회사,"8,101만원",-,1개,790명,790명,74명/92명
아모레퍼시픽,"의약품, 의료용품 및 화장품 도매업",18년 (2006년 설립),"3조 4,752억 3,278만원",주식회사,"7,567만원",www.apgroup.com,2개,0명,"4,521명",883명/826명
아이오케이,"영화, 비디오물 및 방송 프로그램 제작업",4년 (2020년 설립),-,,"3,147만원",-,2개,32명,,
동우팜투테이블,도축업,31년 (1993년 설립),-,주식회사,"4,874만원",dongwoofarmtotable.com,1개,550명,451명,114명/118명
롯데관광개발,일반 및 생활 숙박시설 운영업,53년 (1971년 설립),-,주식회사,"4,379만원",lottetour.com,1개,950명,672명,329명/278명
평화산업,재생용 재료 및 기타 상품 전문 도매업,9년 (2015년 설립),-,기타 법인,"3,296만원",-,1개,2명,5명,0명/0명
우진플라임,보육시설 운영업,7년 (2017년 설립),-,개인,"3,891만원",-,1개,4명,4명,2명/3명
팅크웨어,"컴퓨터 및 주변장치, 소프트웨어 도매업",9년 (2015년 설립),-,주식회사,"5,359만원",-,1개,18명,57명,12명/34명
신세계I&C,,,,,,,,,,
진바이오텍,동물용 사료 및 조제식품 제조업,24년 (2000년 설립),-,주식회사,"4,266만원",www.genebiotech.co.kr,1개,42명,40명,8명/8명
진도,1차 금속제품 및 금속광물 도매업,26년 (1998년 설립),-,기타 법인,"3,662만원",-,1개,4명,3명,2명/1명
에이스테크,기타 전자 부품 제조업,18년 (2006년 설립),"1,383억 6,446만원",주식회사,"5,921만원",www.aceantenna.co.kr/kor/,1개,197명,65명,41명/9명
롯데쇼핑,대형 종합 소매업,23년 (2001년 설립),-,주식회사,"3,383만원",-,1개,"3,567명","3,216명",738명/665명
셀트리온제약,,,,,,,,,,
GST,시스템ㆍ응용 소프트웨어 개발 및 공급업,2년 (2022년 설립),-,,-,-,1개,1명,,
에너토크,"측정, 시험, 항해, 제어 및 기타 정밀 기기 제조업",37년 (1987년 설립),225억 943만원,주식회사,"4,056만원",www.enertork.com,2개,80명,74명,16명/19명
제우스,시스템ㆍ응용 소프트웨어 개발 및 공급업,26년 (1998년 설립),"169억 9,428만원",주식회사,"3,289만원",www.bflysoft.co.kr,1개,73명,102명,14명/35명
뉴프렉스,기타 전자 부품 제조업,24년 (2000년 설립),"1,801억 2,086만원",주식회사,"4,404만원",www.newflex.co.kr,1개,275명,152명,134명/27명
유진테크,반도체 및 디스플레이 제조용 기계 제조업,24년 (2000년 설립),"2,897억 9,890만원",주식회사,"8,963만원",www.eugenetech.co.kr,1개,312명,299명,29명/19명
바이오니아,의료용품 및 기타 의약 관련제품 제조업,32년 (1992년 설립),"1,272억 6,014만원",주식회사,"4,052만원",www.bioneer.co.kr,2개,457명,609명,137명/138명
헬릭스미스,자연과학 연구개발업,28년 (1996년 설립),"28억 1,199만원",주식회사,"4,382만원",helixmith.com,1개,88명,97명,52명/77명
인콘,교육 지원 서비스업,7년 (2017년 설립),-,,"3,907만원",-,1개,7명,,
차바이오텍,자연과학 연구개발업,9년 (2015년 설립),-,기타 법인,"4,797만원",-,1개,201명,226명,54명/67명
현대글로비스,그 외 기타 운송관련 서비스업,23년 (2001년 설립),"17조 5,727억 195만원",주식회사,"9,222만원",www.glovis.net,7개,"2,199명","2,043명",276명/306명
대봉엘에스,완제 의약품 제조업,38년 (1986년 설립),"651억 3,662만원",주식회사,"5,143만원",www.daebongls.co.kr,1개,118명,111명,41명/33명
와이엔텍,전기 공급 및 제어장치 제조업,2년 (2022년 설립),-,기타 법인,"3,369만원",-,1개,4명,5명,0명/0명
케이엠,게임 소프트웨어 개발 및 공급업,1년 (2023년 설립),-,주식회사,"4,970만원",-,1개,0명,48명,15명/13명
하나금융지주,그 외 기타 금융업,19년 (2005년 설립),-,주식회사,"15,070만원",www.hanafn.com,1개,127명,127명,31명/28명
제일연마,"철물, 공구, 창호 및 건설자재 소매업",13년 (2011년 설립),-,,"2,674만원",-,1개,3명,,
모다이노칩,영화 및 비디오물 상영업,24년 (2000년 설립),"1,429억 7,337만원",주식회사,"4,089만원",www.innochips.co.kr,13개,329명,207명,85명/98명
비에이치아이,"전동기, 발전기 및 전기 변환장치 제조업",26년 (1998년 설립),"2,334억 5,810만원",주식회사,"6,218만원",www.bhi.co.kr,1개,448명,410명,58명/94명
케스피온,"텔레비전, 비디오 및 기타 영상 기기 제조업",26년 (1998년 설립),-,주식회사,"5,748만원",www.kespion.co.kr,1개,68명,47명,26명/6명
현대리바트,목재 가구 제조업,25년 (1999년 설립),"1조 3,860억 3,827만원",주식회사,"6,285만원",www.hyundailivart.co.kr,3개,876명,838명,113명/145명
비보존 제약,시스템ㆍ응용 소프트웨어 개발 및 공급업,9년 (2015년 설립),"37억 2,813만원",주식회사,"4,958만원",-,1개,11명,13명,4명/5명
자연과환경,구조용 금속제품 제조업,12년 (2012년 설립),-,기타 법인,"4,380만원",-,1개,34명,32명,7명/6명
와토스코리아,기타 플라스틱 제품 제조업,27년 (1997년 설립),-,주식회사,"3,883만원",www.watos.com,1개,107명,90명,16명/6명
대한제강,1차 금속제품 및 금속광물 도매업,8년 (2016년 설립),-,기타 법인,"5,852만원",-,1개,4명,4명,0명/0명
폴라리스오피스,시스템ㆍ응용 소프트웨어 개발 및 공급업,27년 (1997년 설립),"181억 8,766만원",주식회사,"5,513만원",www.polarisofficecorp.com,1개,143명,156명,28명/44명
휴림에이텍,"카펫, 마루덮개 및 유사 제품 제조업",31년 (1993년 설립),-,주식회사,"4,518만원",www.diac.co.kr,1개,83명,73명,13명/15명
서린바이오,화학 물질 및 화학제품 도매업,30년 (1994년 설립),"761억 7,438만원",주식회사,"5,837만원",www.seoulin.co.kr,1개,98명,111명,16명/18명
새론오토모티브,자동차 차체용 신품 부품 제조업,25년 (1999년 설립),-,주식회사,"6,354만원",www.saeronauto.co.kr,1개,294명,290명,32명/34명
그린케미칼,기초 유기화학 물질 제조업,21년 (2003년 설립),"3,249억 2,700만원",주식회사,"7,209만원",www.korgc.com,1개,179명,196명,27명/51명
가비아,시스템ㆍ응용 소프트웨어 개발 및 공급업,25년 (1999년 설립),"718억 7,325만원",주식회사,"5,785만원",www.gabia.com,1개,357명,372명,44명/61명
덕산하이메탈,기타 전자 부품 제조업,25년 (1999년 설립),"680억 1,150만원",주식회사,"4,914만원",www.dshm.co.kr,1개,215명,230명,73명/90명
아바코,기타 개인 및 가정용품 임대업,6년 (2018년 설립),"21억 1,586만원",주식회사,"3,566만원",-,1개,14명,15명,4명/4명
하나마이크론,"다이오드, 트랜지스터 및 유사 반도체 소자 제조업",23년 (2001년 설립),-,주식회사,"5,594만원",www.hanamicron.co.kr,1개,957명,917명,223명/192명
엘오티베큠,기타 일반 목적용 기계 제조업,22년 (2002년 설립),"2,461억 6,881만원",주식회사,"6,040만원",www.lotvacuum.com,1개,472명,487명,123명/39명
코스나인,기계장비 조립용 플라스틱제품 제조업,23년 (2001년 설립),-,주식회사,"3,936만원",cosnine.com,1개,51명,58명,19명/31명
이상네트웍스,"도장, 도배 및 내장 공사업",24년 (2000년 설립),"291억 5,560만원",주식회사,"6,102만원",www.e-sang.net,1개,1명,48명,8명/12명
대상홀딩스,경영 컨설팅 및 공공 관계 서비스업,19년 (2005년 설립),"278억 5,206만원",주식회사,"9,248만원",-,1개,38명,47명,6명/8명
코아스,목재 가구 제조업,32년 (1992년 설립),"1,093억 1,958만원",주식회사,"4,820만원",www.ikoas.com,2개,228명,156명,105명/80명
메디포스트,의료용품 및 기타 의약 관련제품 제조업,24년 (2000년 설립),"549억 1,496만원",주식회사,"2,977만원",www.medi-post.co.kr,1개,275명,296명,47명/68명
우리바이오,"의약품, 의료용 기구, 화장품 및 방향제 소매업",18년 (2006년 설립),-,기타 법인,"4,015만원",-,1개,3명,6명,0명/0명
모두투어,여행사업,35년 (1989년 설립),"40억 8,472만원",주식회사,"6,189만원",www.modetour.co.kr,1개,594명,596명,59명/118명
이월드,"의약품, 의료용품 및 화장품 도매업",6년 (2018년 설립),비공개,주식회사,비공개,cnkcosmetics.co.kr,1개,비공개,비공개,비공개
동양고속,"그 외 기타 전문, 과학 및 기술 서비스업",7년 (2017년 설립),-,주식회사,"5,455만원",-,1개,6명,6명,0명/0명
한미반도체,기타 특수 목적용 기계 제조업,44년 (1980년 설립),"3,717억 4,089만원",주식회사,"6,060만원",www.hanmisemi.com,1개,647명,658명,60명/106명
가온그룹,방송 및 무선 통신장비 제조업,23년 (2001년 설립),-,주식회사,"8,047만원",www.kaonmedia.com,1개,283명,269명,75명/74명
쏠리드,시스템ㆍ응용 소프트웨어 개발 및 공급업,17년 (2007년 설립),-,기타 법인,"4,753만원",-,1개,23명,17명,2명/1명
동일산업,건축용 플라스틱제품 제조업,3년 (2021년 설립),-,기타 법인,"4,745만원",-,1개,31명,25명,16명/9명
옵트론텍,사진장비 및 광학기기 제조업,25년 (1999년 설립),"1,107억 5,006만원",주식회사,"5,362만원",www.optrontec.com,1개,135명,115명,104명/20명
젬백스,"생활용 섬유제품, 의복, 의복 액세서리 및 모피제품 도매업",24년 (2000년 설립),"1,097억 2,001만원",주식회사,"5,117만원",www.gemvaxlink.com,1개,95명,125명,8명/24명
삼호개발,기반조성 관련 전문공사업,48년 (1976년 설립),-,주식회사,"6,475만원",www.samhodev.co.kr/,2개,"1,654명",249명,78명/77명
금호타이어,자동차 수리 및 세차업,11년 (2013년 설립),-,기타 법인,"2,927만원",-,1개,9명,7명,4명/2명
이노와이어리스,통신 공사업,24년 (2000년 설립),"611억 7,583만원",주식회사,"6,634만원",www.innowireless.co.kr,2개,356명,370명,23명/36명
인베니아,기타 일반 목적용 기계 제조업,23년 (2001년 설립),"1,342억 2,518만원",주식회사,"7,172만원",www.inveniacorp.com,1개,152명,93명,44명/24명
동양이엔피,전기 공사업,37년 (1987년 설립),"4,849억 9,293만원",주식회사,"6,255만원",www.dyenp.com,1개,10명,355명,61명/53명
제주반도체,전자집적회로 제조업,24년 (2000년 설립),"1,765억 9,927만원",주식회사,"6,801만원",www.jeju-semi.com,1개,107명,127명,8명/22명
한창산업,"금속 열처리, 도금 및 기타 금속 가공업",6년 (2018년 설립),-,기타 법인,"3,571만원",-,1개,16명,12명,4명/1명
디이엔티,"측정, 시험, 항해, 제어 및 기타 정밀 기기 제조업",23년 (2001년 설립),"420억 3,518만원",주식회사,"3,379만원",www.i-det.com,1개,122명,160명,46명/83명
에스엔유,"방직용 섬유, 실 및 직물 도매업",22년 (2002년 설립),-,기타 법인,"4,924만원",-,1개,5명,4명,1명/0명
서산,,,,,,,,,,
손오공,게임 소프트웨어 개발 및 공급업,16년 (2008년 설립),-,주식회사,"3,772만원",-,1개,48명,21명,30명/2명
미래컴퍼니,반도체 및 디스플레이 제조용 기계 제조업,32년 (1992년 설립),"1,109억 1,056만원",주식회사,"6,061만원",www.meerecompany.com,1개,307명,330명,71명/96명
아이크래프트,시스템ㆍ응용 소프트웨어 개발 및 공급업,24년 (2000년 설립),"863억 6,275만원",주식회사,"5,990만원",www.icraft21.com,1개,183명,118명,54명/30명
CJ CGV,상품 종합 도매업,5년 (2019년 설립),"2조 1,091억 2,508만원",주식회사,"1,680만원",-,2개,"9,155명","6,647명","14,519명/15,121명"
일진다이아,기초 유기화학 물질 제조업,20년 (2004년 설립),616억 846만원,주식회사,"5,047만원",www.iljindiamond.co.kr,1개,239명,233명,16명/19명
메가스터디,그 외 기타 정보 서비스업,24년 (2000년 설립),"6,225억 4,338만원",주식회사,"3,615만원",www.megastudy.net,1개,"2,187명","2,014명","978명/1,056명"
케이에스피,"금속 열처리, 도금 및 기타 금속 가공업",10년 (2014년 설립),-,기타 법인,"5,661만원",-,1개,16명,15명,7명/11명
KG모빌리언스,그 외 기타 정보 서비스업,24년 (2000년 설립),"2,396억 4,227만원",주식회사,"5,434만원",www.mobilians.co.kr,1개,178명,165명,47명/36명
대주전자재료,"잉크, 페인트, 코팅제 및 유사제품 제조업",43년 (1981년 설립),"1,525억 152만원",주식회사,"2,819만원",www.daejoo.co.kr,1개,283명,339명,48명/91명
텔레칩스,"다이오드, 트랜지스터 및 유사 반도체 소자 제조업",25년 (1999년 설립),"1,364억 1,773만원",주식회사,"8,417만원",www.telechips.com,1개,345명,451명,84명/162명
도이치모터스,자동차 신품 판매업,27년 (1997년 설립),"1조 3,737억 9,632만원",주식회사,"4,968만원",www.deutschmotors.com,1개,"1,182명","1,164명",437명/487명
유니드,게임 소프트웨어 개발 및 공급업,13년 (2011년 설립),-,주식회사,"3,000만원",-,1개,15명,22명,13명/12명
토비스,-,10년 (2014년 설립),-,기타 법인,"3,506만원",-,2개,15명,12명,7명/6명
제넨바이오,인쇄관련 산업,25년 (1999년 설립),"88억 9,466만원",주식회사,"9,862만원",gennbio.com,1개,68명,4명,70명/4명
상신브레이크,자동차 차체용 신품 부품 제조업,49년 (1975년 설립),"3,146억 4,284만원",주식회사,"7,649만원",www.sangsin.com,1개,638명,598명,53명/49명
국일제지,종이 및 판지 제조업,46년 (1978년 설립),"954억 5,077만원",주식회사,"5,816만원",www.kukilpaper.co.kr,2개,201명,116명,24명/33명
DMS,시스템ㆍ응용 소프트웨어 개발 및 공급업,9년 (2015년 설립),-,기타 법인,"5,715만원",-,1개,14명,38명,3명/15명
인팩,일차전지 및 축전지 제조업,28년 (1996년 설립),"1,828억 7,093만원",기타 법인,"5,835만원",-,1개,124명,173명,31명/37명
퀀타피아,기타 일반 목적용 기계 제조업,20년 (2004년 설립),-,주식회사,"4,784만원",codenature.com,2개,20명,19명,30명/26명
시너지이노베이션,기초 의약 물질 및 생물학적 제제 제조업,26년 (1998년 설립),"181억 5,951만원",주식회사,"4,246만원",http://www.synergyinnovation.co.kr,1개,63명,68명,21명/29명
신성델타테크,가정용 전기 기기 제조업,37년 (1987년 설립),"1,591억 2,362만원",주식회사,"5,128만원",www.ssdelta.co.kr,1개,312명,356명,76명/127명
GS,전문 디자인업,11년 (2013년 설립),-,주식회사,"4,276만원",-,1개,8명,11명,2명/1명
유니퀘스트,상품 종합 도매업,29년 (1995년 설립),"5,857억 8만원",주식회사,"7,570만원",www.uniquest.co.kr,2개,202명,208명,34명/34명
다스코,신발 도매업,29년 (1995년 설립),-,유한책임회사,"4,144만원",-,1개,"1,253명","1,377명",659명/788명
LG디스플레이,"텔레비전, 비디오 및 기타 영상 기기 제조업",39년 (1985년 설립),"28조 3,649억 1,400만원",주식회사,"8,165만원",www.lgdisplay.com,1개,"29,177명","25,852명","3,254명/931명"
다날,시스템ㆍ응용 소프트웨어 개발 및 공급업,27년 (1997년 설립),"2,241억 1,987만원",주식회사,"5,766만원",www.danal.co.kr,1개,257명,248명,73명/70명
텔코웨어,시스템ㆍ응용 소프트웨어 개발 및 공급업,24년 (2000년 설립),"348억 2,243만원",주식회사,"7,291만원",www.telcoware.com,1개,177명,185명,9명/10명
형지I&C,,,,,,,,,,
비케이홀딩스,경영 컨설팅 및 공공 관계 서비스업,4년 (2020년 설립),-,기타 법인,"5,852만원",-,1개,4명,3명,0명/0명
코엔텍,"기술 시험, 검사 및 분석업",17년 (2007년 설립),-,기타 법인,"3,867만원",-,1개,83명,68명,32명/31명
CS,기타 전문 서비스업,3년 (2021년 설립),-,기타 법인,"3,374만원",-,1개,54명,250명,120명/170명
테라젠이텍스,완제 의약품 제조업,34년 (1990년 설립),"679억 2,562만원",주식회사,"4,598만원",www.thera-gen.com,1개,168명,197명,40명/64명
디에이피,공학 연구개발업,7년 (2017년 설립),-,기타 법인,"5,852만원",-,1개,8명,10명,12명/15명
한양디지텍,전자집적회로 제조업,20년 (2004년 설립),"3,032억 5,590만원",주식회사,"7,429만원",www.hanyangdgt.com,1개,75명,78명,10명/10명
STX엔진,내연기관 및 터빈 제조업; 항공기용 및 차량용 제외,20년 (2004년 설립),"4,582억 8,206만원",주식회사,"7,077만원",www.stxengine.co.kr,1개,864명,848명,63명/56명
동국알앤에스,건물설비 설치 공사업,20년 (2004년 설립),"705억 5,949만원",주식회사,"6,151만원",www.dkref.co.kr,3개,57명,74명,6명/9명
빛과전자,"다이오드, 트랜지스터 및 유사 반도체 소자 제조업",26년 (1998년 설립),"416억 6,372만원",주식회사,"5,400만원",www.lightron.co.kr,1개,116명,93명,13명/12명
듀오백,목재 가구 제조업,37년 (1987년 설립),"382억 8,187만원",주식회사,"3,035만원",duoback.co.kr,1개,102명,86명,27명/13명
삼진엘앤디,기계장비 조립용 플라스틱제품 제조업,37년 (1987년 설립),"881억 4,089만원",주식회사,"4,343만원",samjin.co.kr,1개,113명,167명,155명/194명
NICE,기타 금융 지원 서비스업,8년 (2016년 설립),"4,369억 3,602만원",,"5,749만원",-,1개,202명,,
대교,일반 교습학원,3년 (2021년 설립),-,기타 법인,"5,495만원",-,1개,35명,42명,20명/25명
세진티에스,표시장치 제조업,28년 (1996년 설립),-,주식회사,"4,522만원",www.sejints.co.kr,1개,33명,33명,3명/0명
한솔인티큐브,시스템ㆍ응용 소프트웨어 개발 및 공급업,21년 (2003년 설립),"582억 5,050만원",주식회사,"6,745만원",www.hansolinticube.com,1개,237명,201명,46명/5명
리튬포어스,반도체 및 디스플레이 제조용 기계 제조업,26년 (1998년 설립),-,주식회사,"6,026만원",http://www.urbanlithium.com,1개,35명,36명,13명/10명
테라사이언스,기타 일반 목적용 기계 제조업,31년 (1993년 설립),-,주식회사,"3,115만원",www.samwon-tech.com,1개,49명,59명,32명/36명
우주일렉트로,절연선 및 케이블 제조업,12년 (2012년 설립),-,기타 법인,"5,635만원",-,1개,18명,17명,0명/1명
기업은행,일반은행,63년 (1961년 설립),-,특별법에 의한 은행,"8,524만원",www.kiupbank.co.kr,2개,"13,739명","13,069명","1,949명/2,006명"
이엔플러스,통신 판매업,2년 (2022년 설립),-,주식회사,"3,463만원",-,1개,2명,6명,1명/1명
SOOP,시스템ㆍ응용 소프트웨어 개발 및 공급업,28년 (1996년 설립),"2,626억 5,100만원",주식회사,"6,410만원",corp.afreecatv.com,1개,0명,748명,29명/65명
드림어스컴퍼니,시스템ㆍ응용 소프트웨어 개발 및 공급업,25년 (1999년 설립),"2,396억 1,661만원",주식회사,"5,652만원",dreamuscompany.com,1개,341명,325명,73명/63명
버킷스튜디오,오디오물 출판 및 원판 녹음업,25년 (1999년 설립),"263억 9,911만원",주식회사,"9,470만원",www.towin-global.com,1개,55명,26명,10명/6명
로체시스템즈,반도체 및 디스플레이 제조용 기계 제조업,27년 (1997년 설립),"1,100억 5,185만원",주식회사,"6,150만원",www.rorze.co.kr,1개,228명,229명,32명/36명
에스텍,"측정, 시험, 항해, 제어 및 기타 정밀 기기 제조업",26년 (1998년 설립),-,기타 법인,"5,396만원",-,1개,97명,99명,13명/15명
오텍,자연과학 및 공학 융합 연구개발업,2년 (2022년 설립),-,기타 법인,"4,435만원",-,1개,4명,7명,4명/6명
키이스트,기타 창작 및 예술관련 서비스업,28년 (1996년 설립),"620억 4,417만원",주식회사,"6,058만원",www.keyeast.co.kr,1개,55명,36명,34명/11명
현대에버다임,가공 공작기계 제조업,30년 (1994년 설립),"2,647억 1,317만원",주식회사,"5,190만원",www.hyundaieverdigm.com,2개,546명,602명,62명/86명
한솔홈데코,"도장, 도배 및 내장 공사업",33년 (1991년 설립),"2,575억 499만원",주식회사,"5,364만원",www.hansolhomedeco.co.kr,3개,368명,192명,24명/55명
중앙백신,동물용 의약품 제조업,30년 (1994년 설립),"409억 1,190만원",주식회사,"3,828만원",www.cavac.co.kr,2개,178명,168명,36명/36명
휴비츠,사진장비 및 광학기기 제조업,25년 (1999년 설립),"828억 6,890만원",주식회사,"7,261만원",www.huvitz.com,1개,251명,244명,44명/46명
우리산업홀딩스,자동차 차체용 신품 부품 제조업,35년 (1989년 설립),"32억 7,200만원",주식회사,"5,356만원",www.woory.com,1개,12명,18명,7명/7명
디지털대성,시스템ㆍ응용 소프트웨어 개발 및 공급업,24년 (2000년 설립),"1,763억 4,599만원",주식회사,"4,576만원",www.digitaldaesung.com,1개,283명,301명,86명/78명
이수페타시스,인쇄회로기판 및 전자부품 실장기판 제조업,52년 (1972년 설립),"3,634억 9,887만원",주식회사,"8,378만원",www.petasys.com,2개,933명,"1,139명",82명/128명
강원랜드,사행시설 관리 및 운영업,26년 (1998년 설립),"7,873억 7,736만원",주식회사,"6,086만원",kangwonland.high1.com,1개,"4,144명","4,414명","1,821명/2,072명"
유아이디,상품 중개업,8년 (2016년 설립),-,기타 법인,"4,352만원",-,1개,2명,3명,0명/0명
티씨케이,의복 소매업,1년 (2023년 설립),-,기타 법인,"2,778만원",-,1개,2명,4명,2명/6명
YG PLUS,사무 지원 서비스업,8년 (2016년 설립),"436억 1,220만원",주식회사,"4,645만원",-,1개,196명,175명,121명/108명
아모텍,기타 전자 부품 제조업,30년 (1994년 설립),"1,732억 9,477만원",주식회사,"4,999만원",www.amotech.co.kr,2개,721명,539명,151명/56명
농심홀딩스,그 외 기타 금융업,21년 (2003년 설립),-,주식회사,"6,957만원",www.nongshimholdings.com,1개,7명,8명,1명/2명
웰크론,그 외 기타 섬유제품 제조업,32년 (1992년 설립),"1,100억 7,944만원",주식회사,"4,363만원",www.welcron.com,2개,50명,138명,25명/29명
파워로직스,전자집적회로 제조업,27년 (1997년 설립),"7,665억 3,412만원",주식회사,"5,408만원",www.powerlogics.co.kr,1개,327명,308명,49명/52명
이엘씨,기타 기계 및 장비 도매업,9년 (2015년 설립),-,기타 법인,"4,886만원",-,1개,2명,4명,3명/2명
유엔젤,통신 공사업,25년 (1999년 설립),"287억 2,782만원",주식회사,"7,847만원",www.uangel.com,3개,211명,222명,13명/19명
SBS,그 외 기타 교육기관,10년 (2014년 설립),-,주식회사,"3,774만원",-,1개,14명,19명,4명/9명
홈캐스트,"가전제품, 통신장비 및 부품 도매업",24년 (2000년 설립),-,주식회사,"3,964만원",www.homecast.net,1개,28명,19명,5명/1명
씨씨에스,"목재 상자, 드럼 및 적재판 제조업",3년 (2021년 설립),-,기타 법인,"4,238만원",-,1개,130명,138명,14명/25명
웹젠,시스템ㆍ응용 소프트웨어 개발 및 공급업,24년 (2000년 설립),"2,863억 1,798만원",주식회사,"7,425만원",company.webzen.com,2개,517명,487명,75명/79명
엔씨소프트,시스템ㆍ응용 소프트웨어 개발 및 공급업,4년 (2020년 설립),-,,-,-,1개,0명,,
하이스틸,그 외 기타 금속 가공제품 제조업,18년 (2006년 설립),-,기타 법인,"4,929만원",-,1개,1명,3명,0명/1명
대화제약,완제 의약품 제조업,35년 (1989년 설립),887억 483만원,주식회사,"5,635만원",www.dhpharm.co.kr,1개,413명,345명,161명/103명
우수AMS,자동차 차체용 신품 부품 제조업,29년 (1995년 설립),-,기타 법인,"5,025만원",-,1개,146명,144명,47명/52명
하츠,가정용 전기 기기 제조업,36년 (1988년 설립),"1,431억 3,013만원",주식회사,"5,316만원",www.haatz.com,2개,236명,234명,28명/41명
빅텍,유선 통신업,8년 (2016년 설립),-,기타 법인,"4,011만원",-,1개,7명,8명,2명/2명
탑엔지니어링,"측정, 시험, 항해, 제어 및 기타 정밀 기기 제조업",31년 (1993년 설립),"1,726억 368만원",주식회사,"4,542만원",www.topengnet.com,1개,360명,274명,136명/81명
DSR제강,"금속 파스너, 스프링 및 금속선 가공제품 제조업",53년 (1971년 설립),"2,616억 8,700만원",주식회사,"7,786만원",www.dsrcorp.com,1개,162명,150명,17명/11명
이루온,통신 공사업,26년 (1998년 설립),196억 680만원,주식회사,"6,436만원",eluon.com,1개,0명,98명,9명/22명
태경케미컬,기초 무기화학 물질 제조업,29년 (1995년 설립),-,기타 법인,"5,882만원",-,1개,31명,33명,9명/9명
재영솔루텍,기타 특수 목적용 기계 제조업,40년 (1984년 설립),952억 802만원,주식회사,"4,686만원",www.jysolutec.com,1개,90명,79명,26명/11명
한국큐빅,"금속 열처리, 도금 및 기타 금속 가공업",35년 (1989년 설립),"371억 2,625만원",주식회사,"4,704만원",www.cubic.co.kr,1개,143명,134명,38명/36명
인터플렉스,인쇄회로기판 및 전자부품 실장기판 제조업,30년 (1994년 설립),"3,103억 4,977만원",주식회사,"5,002만원",www.interflex.co.kr,1개,436명,415명,236명/266명
삼영이엔씨,유리 및 창호 공사업,5년 (2019년 설립),-,기타 법인,"3,761만원",-,2개,3명,4명,0명/1명
하이퍼코퍼레이션,시스템ㆍ응용 소프트웨어 개발 및 공급업,27년 (1997년 설립),"452억 8,990만원",주식회사,"3,409만원",hyper-corp.com,1개,15명,23명,3명/13명
리더스코스메틱,"세제, 화장품 및 광택제 제조업",38년 (1986년 설립),"272억 5,169만원",주식회사,"5,865만원",www.leaderscosmetics.com,2개,55명,102명,18명/21명
한농화성,"세제, 화장품 및 광택제 제조업",1년 (2023년 설립),-,기타 법인,"5,648만원",-,1개,12명,26명,0명/8명
케이피엠테크,그 외 기타 화학제품 제조업,46년 (1978년 설립),334억 709만원,주식회사,"5,185만원",www.kpmtech.co.kr,1개,55명,59명,10명/6명
디티씨,통신 판매업,5년 (2019년 설립),-,,-,-,1개,11명,,
와이오엠,합성고무 및 플라스틱 물질 제조업,25년 (1999년 설립),"374억 1,135만원",주식회사,"4,898만원",www.yopticsm.com,1개,42명,30명,13명/14명
초록뱀미디어,"영화, 비디오물 및 방송 프로그램 제작업",26년 (1998년 설립),"799억 8,825만원",주식회사,"5,522만원",www.chorokbaem.com,1개,45명,43명,24명/18명
웨스트라이즈,"의약품, 의료용 기구, 화장품 및 방향제 소매업",33년 (1991년 설립),-,주식회사,"5,295만원",www.fnrepublic.com,1개,14명,14명,7명/6명
쎌바이오텍,산업용 농ㆍ축산물 및 동ㆍ식물 도매업,26년 (1998년 설립),-,주식회사,"4,498만원",-,1개,72명,56명,22명/11명
NE능률,서적 출판업,30년 (1994년 설립),"802억 2,993만원",주식회사,"4,675만원",www.neungyule.com,1개,300명,306명,115명/73명
테크엘,일반 기계류 수리업,6년 (2018년 설립),-,기타 법인,"3,355만원",-,1개,9명,8명,2명/2명
현대백화점,대형 종합 소매업,22년 (2002년 설립),"1조 5,120억 6,076만원",주식회사,"7,083만원",home.e-hyundai.com,2개,"2,844명","2,728명",989명/922명
KG이니시스,시스템ㆍ응용 소프트웨어 개발 및 공급업,26년 (1998년 설립),"5,982억 2,235만원",주식회사,"5,376만원",www.inicis.com,1개,237명,229명,54명/48명
비엘팜텍,기타 식료품 제조업,29년 (1995년 설립),-,주식회사,"3,581만원",www.blpharmtech.com,1개,17명,13명,10명/5명
대호에이엘,"비철금속 제련, 정련 및 합금 제조업",8년 (2016년 설립),-,기타 법인,"5,852만원",-,1개,13명,12명,2명/3명
대웅제약,-,22년 (2002년 설립),"1조 551억 6,953만원",주식회사,"7,339만원",www.daewoong.co.kr,1개,485명,"1,026명",206명/245명
마니커,사진 촬영 및 처리업,8년 (2016년 설립),-,기타 법인,"3,528만원",-,1개,21명,21명,5명/6명
티케이지휴켐스,그 외 기타 화학제품 제조업,22년 (2002년 설립),-,기타 법인,"6,032만원",-,1개,209명,294명,22명/25명
새로닉스,기타 전자 부품 제조업,56년 (1968년 설립),-,주식회사,393만원,www.seronics.co.kr,1개,60명,44명,22명/8명
오리엔트정공,자동차 차체용 신품 부품 제조업,37년 (1987년 설립),"795억 3,893만원",주식회사,"2,837만원",www.orientpi.co.kr,2개,47명,105명,12명/64명
국보디자인,-,36년 (1988년 설립),"2,954억 7,447만원",주식회사,"8,542만원",www.ikukbo.com,2개,"1,387명",292명,222명/223명
아이톡시,시스템ㆍ응용 소프트웨어 개발 및 공급업,27년 (1997년 설립),"114억 9,735만원",주식회사,"3,250만원",www.ydonline.co.kr,1개,0명,57명,38명/48명
에스아이리소스,"방직용 섬유, 실 및 직물 도매업",37년 (1987년 설립),"47억 1,722만원",주식회사,"5,900만원",www.siresource.co.kr,1개,8명,11명,1명/2명
포스코스틸리온,기타 1차 철강 제조업,36년 (1988년 설립),-,주식회사,"8,892만원",www.poscocnc.com,1개,435명,421명,31명/20명
현대바이오,"의약품, 의료용품 및 화장품 도매업",3년 (2021년 설립),-,기타 법인,"4,378만원",-,1개,49명,44명,27명/15명
삼성출판사,서적 출판업,22년 (2002년 설립),"516억 6,569만원",주식회사,"3,859만원",www.samsungbooks.com,1개,226명,191명,94명/66명
세이브존I&C,,,,,,,,,,
에스피지,기타 일반 목적용 기계 제조업,12년 (2012년 설립),-,기타 법인,"4,792만원",-,1개,29명,28명,7명/13명
토탈소프트,시스템ㆍ응용 소프트웨어 개발 및 공급업,35년 (1989년 설립),"138억 7,762만원",주식회사,"5,231만원",www.tsb.co.kr,1개,0명,103명,13명/9명
교보증권,증권 및 선물 중개업,75년 (1949년 설립),-,주식회사,"14,982만원",www.iprovest.com,1개,991명,942명,100명/95명
서호전기,전기 공사업,13년 (2011년 설립),-,기타 법인,"3,317만원",-,2개,1명,4명,1명/1명
파커스,상품 종합 도매업,19년 (2005년 설립),-,주식회사,"3,830만원",-,1개,14명,16명,3명/1명
한샘,건물설비 설치 공사업,26년 (1998년 설립),-,주식회사,"4,508만원",-,2개,126명,99명,41명/24명
서울리거,"의약품, 의료용품 및 화장품 도매업",6년 (2018년 설립),-,,"2,925만원",-,1개,1명,,
홈센타홀딩스,기타 건축자재 도매업,36년 (1988년 설립),-,주식회사,"3,916만원",www.home-center.co.kr,1개,24명,22명,1명/1명
아비코전자,기타 전자 부품 제조업,51년 (1973년 설립),"787억 5,512만원",주식회사,"4,281만원",www.abco.co.kr,1개,138명,135명,46명/35명
큐렉소,기타 기계 및 장비 도매업,32년 (1992년 설립),"649억 9,065만원",주식회사,"6,334만원",www.curexo.com,1개,74명,98명,16명/29명
소니드,일차전지 및 축전지 제조업,1년 (2023년 설립),-,,"3,288만원",-,1개,3명,,
우원개발,기반조성 관련 전문공사업,26년 (1998년 설립),-,주식회사,"6,727만원",www.woowonerd.com,1개,961명,37명,7명/6명
티사이언티픽,기타 전기 통신업,26년 (1998년 설립),"100억 8,352만원",주식회사,"4,720만원",www.tscientific.co.kr,1개,0명,209명,65명/101명
신세계건설,-,33년 (1991년 설립),"1조 4,323억 8,500만원",주식회사,"7,716만원",httpswww.shinsegae-enc.com,1개,"1,142명",606명,162명/48명
인선이엔티,건설장비 운영업,3년 (2021년 설립),-,기타 법인,"4,064만원",-,1개,0명,31명,12명/11명
와이어블,통신 공사업,28년 (1996년 설립),"642억 8,354만원",주식회사,"5,093만원",www.wiable.co.kr,1개,91명,97명,56명/40명
SM Life Design,시스템ㆍ응용 소프트웨어 개발 및 공급업,4년 (2020년 설립),"8억 2,229만원",기타 법인,"5,136만원",-,1개,18명,47명,15명/27명
우신시스템,기타 전기장비 제조업,29년 (1995년 설립),"1,351억 3,999만원",기타 법인,"4,642만원",-,1개,113명,193명,38명/52명
지어소프트,시스템ㆍ응용 소프트웨어 개발 및 공급업,26년 (1998년 설립),"561억 9,433만원",주식회사,"4,890만원",gaeasoft.co.kr,1개,111명,87명,21명/23명
지엔코,농업 및 임업용 기계 제조업,12년 (2012년 설립),-,주식회사,"3,607만원",-,1개,2명,3명,0명/0명
셀루메드,기타 의료용 기기 제조업,39년 (1985년 설립),"197억 7,987만원",주식회사,"4,896만원",www.cellumed.co.kr,1개,99명,89명,40명/28명
KH바텍,"금속 단조, 압형 및 분말 야금제품 제조업",32년 (1992년 설립),-,주식회사,"8,088만원",www.khvatec.com,2개,207명,159명,19명/36명
알에프텍,기타 일반 목적용 기계 제조업,19년 (2005년 설립),-,기타 법인,"4,099만원",-,1개,8명,7명,1명/1명
에스폴리텍,종이 및 판지 제조업,9년 (2015년 설립),-,기타 법인,"4,489만원",-,1개,38명,27명,14명/13명
ES큐브,재생용 재료 및 기타 상품 전문 도매업,47년 (1977년 설립),-,주식회사,"6,040만원",www.escube.co.kr,1개,5명,8명,1명/3명
케이피티유,"금속 열처리, 도금 및 기타 금속 가공업",29년 (1995년 설립),"368억 7,005만원",주식회사,"4,915만원",www.kpt4u.com,1개,53명,45명,9명/6명
3S,,,,,,,,,,
LG전자,시스템ㆍ응용 소프트웨어 개발 및 공급업,1년 (2023년 설립),비공개,주식회사,비공개,www.must-ad.com,1개,8명,12명,9명/11명
화일약품,의료용품 및 기타 의약 관련제품 제조업,44년 (1980년 설립),"1,225억 4,100만원",주식회사,"5,197만원",www.hwail.com,1개,148명,152명,23명/31명
오상자이엘,통신 공사업,31년 (1993년 설립),"808억 1,869만원",주식회사,"5,712만원",www.osangjaiel.co.kr,3개,186명,181명,29명/42명
콜마홀딩스,그 외 기타 금융업,34년 (1990년 설립),"340억 9,478만원",주식회사,"8,861만원",www.kolmarholdings.co.kr,1개,112명,114명,11명/6명
농우바이오,산업용 농ㆍ축산물 및 동ㆍ식물 도매업,34년 (1990년 설립),-,주식회사,"7,089만원",www.nongwoobio.co.kr,1개,414명,374명,39명/27명
케이엘넷,통신 공사업,30년 (1994년 설립),"461억 3,105만원",주식회사,"6,045만원",www.klnet.co.kr,1개,0명,173명,19명/21명
에스티아이,시스템ㆍ응용 소프트웨어 개발 및 공급업,21년 (2003년 설립),-,기타 법인,"4,719만원",-,1개,7명,9명,1명/6명
잉크테크,"잉크, 페인트, 코팅제 및 유사제품 제조업",32년 (1992년 설립),"529억 7,410만원",주식회사,"4,944만원",kr.inktec.com,1개,190명,203명,43명/53명
대한뉴팜,의료용품 및 기타 의약 관련제품 제조업,40년 (1984년 설립),"2,042억 2,300만원",주식회사,"5,723만원",www.dhnp.co.kr,1개,367명,371명,75명/73명
씨티씨바이오,"의약품, 의료용품 및 화장품 도매업",29년 (1995년 설립),"1,037억 3,969만원",주식회사,"4,509만원",www.ctcbio.com,1개,264명,263명,54명/65명
인탑스,기계장비 조립용 플라스틱제품 제조업,49년 (1975년 설립),"4,154억 9,428만원",주식회사,"4,931만원",WWW.INTOPS.CO.KR,1개,139명,130명,39명/29명
피씨디렉트,상품 종합 도매업,26년 (1998년 설립),"3,122억 6,300만원",주식회사,"4,309만원",www.pcdirect.co.kr,1개,92명,95명,19명/18명
광주신세계,상품 종합 도매업,29년 (1995년 설립),"1,848억 7,400만원",주식회사,"6,304만원",www.gjshinsegae.com,1개,181명,185명,37명/46명
구영테크,자동차 차체용 신품 부품 제조업,35년 (1989년 설립),"1,016억 3,667만원",주식회사,"5,022만원",www.guyoungtech.com,1개,313명,351명,69명/127명
한국기업평가,그 외 기타 사업 지원 서비스업,41년 (1983년 설립),"588억 6,339만원",주식회사,"11,795만원",www.korearatings.com,1개,189명,173명,18명/10명
뉴보텍,그 외 기타 화학제품 제조업,34년 (1990년 설립),-,주식회사,"4,822만원",www.nuvotec.co.kr,3개,135명,76명,24명/17명
동양에스텍,기타 1차 철강 제조업,43년 (1981년 설립),"2,007억 3,201만원",주식회사,"5,287만원",www.dystec.co.kr,1개,128명,132명,12명/9명
고려신용정보,그 외 기타 사업 지원 서비스업,33년 (1991년 설립),"1,422억 4,861만원",주식회사,"3,338만원",www.koryoinfo.co.kr,1개,840명,925명,381명/429명
제일바이오,동물용 의약품 제조업,35년 (1989년 설립),"153억 4,859만원",주식회사,"4,922만원",www.cheilbio.com,1개,49명,39명,25명/24명
서울반도체,"다이오드, 트랜지스터 및 유사 반도체 소자 제조업",37년 (1987년 설립),"1조 1,097억 2,337만원",주식회사,"6,788만원",www.seoulsemicon.com,1개,282명,243명,107명/66명
한주에이알티,"영화, 비디오물 및 방송 프로그램 제작업",4년 (2020년 설립),-,기타 법인,"3,679만원",-,1개,21명,26명,6명/5명
미코,광고 대행업,5년 (2019년 설립),-,기타 법인,"3,793만원",-,1개,1명,4명,2명/4명
유신,건축 및 조경 설계 서비스업,29년 (1995년 설립),-,기타 법인,"5,151만원",-,1개,128명,35명,9명/3명
프럼파스트,1차 플라스틱제품 제조업,32년 (1992년 설립),-,주식회사,"4,562만원",www.plumbfast.co.kr,1개,62명,56명,11명/10명
한국컴퓨터,인쇄회로기판 및 전자부품 실장기판 제조업,12년 (2012년 설립),-,기타 법인,"5,076만원",-,1개,97명,89명,7명/3명
대동스틸,재생용 재료 및 기타 상품 전문 도매업,11년 (2013년 설립),-,기타 법인,"3,423만원",-,1개,4명,4명,0명/0명
링네트,통신 공사업,24년 (2000년 설립),"2,108억 4,170만원",주식회사,"6,086만원",www.ringnet.co.kr,1개,301명,273명,68명/90명
팬스타엔터프라이즈,"산업용 트럭, 승강기 및 물품 취급장비 제조업",8년 (2016년 설립),-,기타 법인,"3,910만원",-,1개,71명,66명,19명/16명
한빛소프트,시스템ㆍ응용 소프트웨어 개발 및 공급업,25년 (1999년 설립),"290억 6,161만원",주식회사,"5,201만원",www.hanbitsoft.co.kr,1개,57명,106명,13명/12명
일진디스플,기타 전자 부품 제조업,24년 (2000년 설립),-,기타 법인,"5,638만원",-,1개,35명,31명,8명/11명
NHN KCP,광고 대행업,10년 (2014년 설립),"201억 4,377만원",주식회사,"5,022만원",-,1개,191명,213명,50명/65명
금강철강,1차 금속제품 및 금속광물 도매업,26년 (1998년 설립),-,주식회사,"4,394만원",-,1개,7명,7명,1명/1명
스타코링크,시스템ㆍ응용 소프트웨어 개발 및 공급업,31년 (1993년 설립),"350억 3,845만원",주식회사,"8,041만원",www.longtukorea.kr/,1개,36명,31명,2명/15명
KH 필룩스,,,,,,,,,,
동아화성,플라스틱 발포 성형제품 제조업,26년 (1998년 설립),-,기타 법인,"4,246만원",-,1개,21명,14명,1명/3명
비츠로시스,전기 공사업,35년 (1989년 설립),-,주식회사,"3,605만원",www.vitzrosys.com,2개,72명,83명,60명/57명
오리엔탈정공,"가발, 장식용품 및 전시용 모형 제조업",26년 (1998년 설립),-,기타 법인,"5,852만원",-,1개,24명,20명,5명/4명
웰킵스하이텍,"전동기, 발전기 및 전기 변환장치 제조업",50년 (1974년 설립),-,주식회사,"3,880만원",www.welkeepshitech.com,1개,38명,17명,35명/13명
리노공업,"측정, 시험, 항해, 제어 및 기타 정밀 기기 제조업",28년 (1996년 설립),"3,224억 2,280만원",주식회사,"7,952만원",leeno.com/kr,1개,1명,608명,51명/32명
성우테크론,"다이오드, 트랜지스터 및 유사 반도체 소자 제조업",27년 (1997년 설립),-,주식회사,"4,107만원",www.swmv.co.kr,1개,132명,128명,21명/18명
에스에프에이,엔지니어링 서비스업,26년 (1998년 설립),"7,838억 3,309만원",주식회사,"7,367만원",www.sfa.co.kr,1개,716명,755명,100명/160명
신화인터텍,표시장치 제조업,36년 (1988년 설립),"2,178억 3,596만원",주식회사,"6,171만원",www.shinwha.com,1개,301명,272명,123명/96명
엑사이엔씨,-,33년 (1991년 설립),"909억 6,497만원",주식회사,"4,668만원",www.exaenc.com,4개,241명,83명,54명/53명
피에이치에이,자동차용 기타 신품 부품 제조업,11년 (2013년 설립),"611억 8,013만원",기타 법인,"5,882만원",-,1개,41명,44명,6명/6명
종근당바이오,완제 의약품 제조업,23년 (2001년 설립),"1,420억 4,251만원",주식회사,"7,222만원",www.ckdbio.com,1개,544명,489명,84명/45명
APS,시스템ㆍ응용 소프트웨어 개발 및 공급업,1년 (2023년 설립),-,기타 법인,"5,176만원",-,1개,1명,5명,0명/4명
코위버,통신 공사업,24년 (2000년 설립),"857억 3,000만원",주식회사,"6,623만원",www.coweaver.co.kr,1개,4명,159명,32명/23명
성호전자,기타 전자 부품 제조업,51년 (1973년 설립),"859억 8,367만원",주식회사,"4,288만원",www.sungho.net,1개,93명,82명,34명/31명
MIT,자연과학 연구개발업,3년 (2021년 설립),-,,-,https://www.apollon.bio/,1개,1명,,
YW,그 외 기타 정보 서비스업,9년 (2015년 설립),"24억 2,806만원",주식회사,"5,038만원",-,1개,22명,46명,17명/25명
삼영엠텍,기타 특수 목적용 기계 제조업,24년 (2000년 설립),-,기타 법인,"5,513만원",-,1개,17명,22명,6명/7명
이니텍,시스템ㆍ응용 소프트웨어 개발 및 공급업,27년 (1997년 설립),"538억 3,411만원",주식회사,"5,925만원",www.initech.com,2개,7명,152명,81명/25명
에이디칩스,"냉각, 공기 조화, 여과, 증류 및 가스 발생기 제조업",8년 (2016년 설립),-,주식회사,"5,573만원",-,1개,123명,10명,87명/6명
유진로봇,전기 공사업,31년 (1993년 설립),"276억 4,629만원",주식회사,"6,577만원",www.yujinrobot.com,2개,174명,175명,46명/48명
태웅,,,,,,,,,,
경남제약,완제 의약품 제조업,26년 (1998년 설립),"650억 7,324만원",주식회사,"4,800만원",www.kyungnampharm.co.kr,1개,248명,235명,81명/75명
삼보모터스,자동차 차체용 신품 부품 제조업,37년 (1987년 설립),"3,041억 2,720만원",주식회사,"7,684만원",www.sambomotos.co.kr,1개,484명,503명,30명/70명
한컴위드,시스템ㆍ응용 소프트웨어 개발 및 공급업,25년 (1999년 설립),"264억 4,493만원",주식회사,"4,095만원",www.hsecure.co.kr,1개,39명,47명,11명/19명
코미팜,동물용 의약품 제조업,52년 (1972년 설립),"364억 3,744만원",주식회사,"4,366만원",www.komipharm.com,1개,157명,145명,31명/38명
프리엠스,기타 전자 부품 제조업,35년 (1989년 설립),-,주식회사,"5,317만원",www.freems.co.kr,1개,79명,64명,20명/2명
코나아이,시스템ㆍ응용 소프트웨어 개발 및 공급업,26년 (1998년 설립),"1,896억 5,812만원",주식회사,"5,294만원",www.konai.co.kr,1개,410명,321명,168명/87명
메디콕스,"전동기, 발전기 및 전기 변환장치 제조업",7년 (2017년 설립),-,기타 법인,"4,069만원",-,1개,37명,33명,2명/3명
SGA,시스템ㆍ응용 소프트웨어 개발 및 공급업,2년 (2022년 설립),-,,"3,489만원",-,1개,68명,,
더테크놀로지,통신 공사업,17년 (2007년 설립),-,기타 법인,"3,294만원",-,1개,0명,13명,4명/5명
지에스이,발전업,28년 (1996년 설립),-,주식회사,"7,241만원",www.gseps.com,1개,273명,284명,20명/35명
아이디스홀딩스,방송 및 무선 통신장비 제조업,27년 (1997년 설립),"70억 1,584만원",주식회사,"6,840만원",www.idisholdings.co.kr,1개,13명,16명,2명/2명
코데즈컴바인,기타 봉제의복 제조업,29년 (1995년 설립),-,주식회사,"4,321만원",www.codes-combine.co.kr,1개,53명,54명,21명/21명
안랩,시스템ㆍ응용 소프트웨어 개발 및 공급업,5년 (2019년 설립),"50억 6,231만원",기타 법인,"4,958만원",-,1개,54명,93명,5명/36명
YTN,라디오 방송업,17년 (2007년 설립),-,기타 법인,"5,852만원",-,2개,14명,16명,3명/3명
CMG제약,완제 의약품 제조업,23년 (2001년 설립),"821억 9,700만원",주식회사,"5,461만원",www.cmgpharma.co.kr,1개,288명,294명,70명/97명
JYP Ent.,재생용 재료 및 기타 상품 전문 도매업,3년 (2021년 설립),-,주식회사,"5,505만원",-,1개,28명,75명,6명/51명
세동,시스템ㆍ응용 소프트웨어 개발 및 공급업,7년 (2017년 설립),"8억 3,883만원",주식회사,"5,095만원",-,1개,57명,64명,32명/33명
프로텍,"컴퓨터 시스템 통합 자문, 구축 및 관리업",5년 (2019년 설립),"9,272만원",주식회사,"3,165만원",-,1개,23명,96명,42명/100명
액토즈소프트,시스템ㆍ응용 소프트웨어 개발 및 공급업,28년 (1996년 설립),"317억 6,107만원",주식회사,"6,684만원",www.actoz.com,1개,165명,158명,18명/20명
세코닉스,사진장비 및 광학기기 제조업,36년 (1988년 설립),"3,933억 1,862만원",주식회사,"4,957만원",www.sekonix.com,1개,721명,569명,214명/212명
바이넥스,상품 중개업,9년 (2015년 설립),-,기타 법인,"4,902만원",-,1개,12명,17명,3명/5명
오성첨단소재,"다이오드, 트랜지스터 및 유사 반도체 소자 제조업",30년 (1994년 설립),"912억 5,536만원",주식회사,"4,734만원",www.osungam.com,1개,104명,116명,27명/34명
코웨이,"냉각, 공기 조화, 여과, 증류 및 가스 발생기 제조업",35년 (1989년 설립),"2조 8,146억 4,816만원",주식회사,"6,158만원",company.coway.com,2개,231명,"5,765명",663명/480명
태양,경영 컨설팅 및 공공 관계 서비스업,2년 (2022년 설립),-,기타 법인,"4,375만원",-,1개,2명,4명,1명/2명
씨티프라퍼티,일반 건축자재 도매업,29년 (1995년 설립),-,주식회사,"6,793만원",www.chorokbaemcompany.com,1개,14명,15명,4명/2명
유아이엘,의복 소매업,11년 (2013년 설립),"125억 6,335만원",주식회사,"3,400만원",-,1개,29명,35명,15명/16명
대원미디어,"게임용구, 인형 및 장난감 소매업",47년 (1977년 설립),"2,337억 8,777만원",주식회사,"5,181만원",daewonmedia.com,1개,178명,219명,45명/61명
중앙첨단소재,건물설비 설치 공사업,25년 (1999년 설립),-,주식회사,"4,607만원",joongang.co.kr,1개,1명,83명,11명/36명
세아홀딩스,경영 컨설팅 및 공공 관계 서비스업,23년 (2001년 설립),"531억 9,279만원",주식회사,"11,508만원",www.seahholdings.co.kr,1개,43명,55명,6명/21명
CJ프레시웨이,상품 중개업,36년 (1988년 설립),"1조 8,599억 8,863만원",주식회사,"3,445만원",www.cjfreshway.com,1개,"7,487명","5,872명","2,747명/3,377명"
파인디앤씨,시설물 축조 관련 전문공사업,25년 (1999년 설립),-,주식회사,"5,060만원",www.finednc.co.kr,2개,125명,114명,47명/32명
디지아이,"측정, 시험, 항해, 제어 및 기타 정밀 기기 제조업",33년 (1991년 설립),"160억 7,785만원",주식회사,"4,798만원",www.dgi-net.com,1개,79명,85명,14명/11명
코텍,건축용 플라스틱제품 제조업,25년 (1999년 설립),-,기타 법인,"5,133만원",-,1개,28명,35명,9명/13명
한네트,"가방, 시계, 안경 및 기타 생활용품 도매업",5년 (2019년 설립),-,주식회사,"3,667만원",-,1개,12명,6명,6명/2명
에스티큐브,시스템ㆍ응용 소프트웨어 개발 및 공급업,35년 (1989년 설립),-,주식회사,"15,362만원",www.stcube.com,1개,10명,18명,3명/7명
티에스넥스젠,"냉각, 공기 조화, 여과, 증류 및 가스 발생기 제조업",7년 (2017년 설립),-,주식회사,"4,847만원",-,1개,85명,62명,17명/13명
스카이문스테크놀로지,통신 공사업,34년 (1990년 설립),-,주식회사,"5,144만원",www.seohwa.co.kr,2개,23명,25명,1명/3명
큐로홀딩스,기타 기계 및 장비 도매업,37년 (1987년 설립),"535억 9,690만원",주식회사,"3,589만원",www.curoholdings.com,1개,0명,52명,16명/21명
나라엠앤디,자동차용 기타 신품 부품 제조업,25년 (1999년 설립),"912억 6,148만원",주식회사,"6,707만원",www.naramnd.com,2개,98명,133명,29명/17명
에코바이오,화학 물질 및 화학제품 도매업,5년 (2019년 설립),-,,"2,649만원",-,1개,29명,,
에이텍,통신 공사업,9년 (2015년 설립),-,주식회사,"4,160만원",www.atecmobility.com,1개,0명,144명,45명/54명
대아티아이,시스템ㆍ응용 소프트웨어 개발 및 공급업,29년 (1995년 설립),"1,162억 1,105만원",주식회사,"5,062만원",www.daeati.co.kr,1개,419명,363명,94명/124명
캠시스,"다이오드, 트랜지스터 및 유사 반도체 소자 제조업",31년 (1993년 설립),"3,864억 2,428만원",주식회사,"5,630만원",www.cammsys.net,1개,135명,124명,34명/23명
현대바이오랜드,식료품 소매업,1년 (2023년 설립),-,주식회사,"5,852만원",-,1개,18명,23명,2명/25명
SFA반도체,"다이오드, 트랜지스터 및 유사 반도체 소자 제조업",26년 (1998년 설립),"6,043억 2,212만원",주식회사,"5,337만원",www.sfasemicon.com,2개,657명,407명,77명/81명
LG생활건강,"세제, 화장품 및 광택제 제조업",23년 (2001년 설립),"4조 9,561억 4,758만원",주식회사,"7,217만원",www.lghnh.com,5개,"1,156명","4,338명",324명/293명
LG화학,-,23년 (2001년 설립),"20조 4,710억 4,400만원",주식회사,"11,677만원",www.lgchem.com,6개,7명,"14,781명",810명/993명
대우건설,-,24년 (2000년 설립),-,주식회사,"6,082만원",daewooenc.com,1개,"9,310명","4,693명",668명/510명
포스코인터내셔널,,,,,,,,,,
한화오션,선박 및 수상 부유 구조물 건조업,24년 (2000년 설립),-,주식회사,"7,331만원",www.hanwhaocean.com/pub/main/index.do,2개,"8,789명","9,141명","750명/1,457명"
삼표시멘트,내항 운송업,22년 (2002년 설립),-,기타 법인,"5,064만원",-,1개,67명,41명,42명/34명
진양화학,합성고무 및 플라스틱 물질 제조업,23년 (2001년 설립),"282억 8,140만원",주식회사,"5,054만원",www.chinyang.co.kr,1개,36명,41명,2명/7명
SM C&C,시스템ㆍ응용 소프트웨어 개발 및 공급업,4년 (2020년 설립),"8억 2,229만원",기타 법인,"5,136만원",-,1개,18명,47명,15명/27명
승일,기타 광고업,11년 (2013년 설립),"105억 6,159만원",,"3,223만원",-,1개,74명,,
TPC,"텔레비전, 비디오 및 기타 영상 기기 제조업",25년 (1999년 설립),-,기타 법인,"3,938만원",-,1개,7명,10명,2명/5명
코메론,"측정, 시험, 항해, 제어 및 기타 정밀 기기 제조업",41년 (1983년 설립),-,주식회사,"5,612만원",www.komelon.co.kr,1개,75명,67명,12명/14명
빌리언스,"가방, 시계, 안경 및 기타 생활용품 도매업",5년 (2019년 설립),-,주식회사,"3,217만원",-,1개,6명,8명,6명/2명
삼화네트웍스,"컴퓨터 및 주변장치, 소프트웨어 도매업",33년 (1991년 설립),-,주식회사,"6,784만원",www.shnetworks.co.kr,2개,41명,38명,4명/2명
성광벤드,철강관 제조업,44년 (1980년 설립),"1,171억 5,966만원",주식회사,"7,185만원",www.skbend.com,1개,324명,282명,13명/17명
유라테크,기타 일반 목적용 기계 제조업,8년 (2016년 설립),-,기타 법인,"4,034만원",-,1개,12명,15명,5명/4명
삼현철강,"철물, 공구, 창호 및 건설자재 소매업",23년 (2001년 설립),-,기타 법인,"5,852만원",-,1개,5명,5명,2명/0명
오픈베이스,시스템ㆍ응용 소프트웨어 개발 및 공급업,32년 (1992년 설립),"746억 7,993만원",주식회사,"5,973만원",www.openbase.co.kr,2개,212명,249명,28명/59명
KCI,,,,,,,,,,
라온시큐어,시스템ㆍ응용 소프트웨어 개발 및 공급업,26년 (1998년 설립),"314억 4,762만원",주식회사,"3,543만원",www.raonsecure.com,1개,215명,351명,94명/229명
오로라,상품 종합 도매업,39년 (1985년 설립),"1,199억 3,525만원",주식회사,"4,578만원",www.auroraworld.com,1개,157명,152명,31명/36명
금화피에스시,-,43년 (1981년 설립),"2,059억 8,220만원",주식회사,"6,739만원",www.geumhwa.co.kr,1개,"1,405명",82명,10명/13명
코다코,자동차용 기타 신품 부품 제조업,27년 (1997년 설립),"2,063억 699만원",주식회사,"6,265만원",www.kodaco.co.kr,1개,57명,93명,32명/8명
인바디,컴퓨터 프로그래밍 서비스업,6년 (2018년 설립),-,주식회사,"4,694만원",-,1개,12명,10명,2명/3명
고려제약,완제 의약품 제조업,44년 (1980년 설립),"799억 8,405만원",주식회사,"5,136만원",www.nicepharma.com,1개,260명,249명,53명/47명
크린앤사이언스,종이 및 판지 제조업,45년 (1979년 설립),"1,212억 1,177만원",주식회사,"6,379만원",www.cands.co.kr,1개,52명,130명,23명/28명
동원F&B,시스템ㆍ응용 소프트웨어 개발 및 공급업,7년 (2017년 설립),-,기타 법인,"5,882만원",-,1개,19명,33명,11명/25명
KD,컴퓨터 프로그래밍 서비스업,2년 (2022년 설립),-,,-,-,1개,3명,,
이글벳,의료용품 및 기타 의약 관련제품 제조업,41년 (1983년 설립),"435억 3,969만원",주식회사,"4,394만원",www.eaglevet.com,1개,112명,103명,25명/29명
아즈텍WB,"섬유제품 염색, 정리 및 마무리 가공업",54년 (1970년 설립),"454억 7,379만원",주식회사,"4,007만원",www.aztechwb.com,1개,97명,66명,24명/18명
두산에너빌리티,여신 금융업,26년 (1998년 설립),-,기타 법인,"5,852만원",-,1개,11명,11명,0명/1명
오리콤,광고 대행업,49년 (1975년 설립),"1,020억 9,990만원",주식회사,"8,493만원",www.oricom.co.kr,2개,268명,107명,30명/24명
위닉스,인쇄회로기판 및 전자부품 실장기판 제조업,13년 (2011년 설립),-,기타 법인,"5,799만원",-,1개,4명,4명,0명/0명
한국내화,그 외 기타 협회 및 단체,16년 (2008년 설립),-,기타 법인,"5,029만원",-,1개,5명,5명,0명/0명
엔피케이,기타 식료품 제조업,14년 (2010년 설립),-,기타 법인,"4,891만원",-,1개,96명,123명,22명/21명
삼천당제약,완제 의약품 제조업,81년 (1943년 설립),"1,208억 6,691만원",주식회사,"6,560만원",www.scd.co.kr,1개,403명,135명,28명/28명
에이치케이,,,,,,,,,,
정원엔시스,"컴퓨터 시스템 통합 자문, 구축 및 관리업",55년 (1969년 설립),"1,357억 5,330만원",주식회사,"5,391만원",www.zungwon.co.kr,1개,163명,165명,30명/55명
한양이엔지,그 외 기타 금속 가공제품 제조업,36년 (1988년 설립),"7,369억 5,936만원",주식회사,"6,345만원",www.hanyangkorea.com,1개,160명,"1,782명",538명/696명
누리플렉스,"측정, 시험, 항해, 제어 및 기타 정밀 기기 제조업",9년 (2015년 설립),-,기타 법인,"4,710만원",-,1개,25명,22명,3명/1명
에쎈테크,"펌프 및 압축기 제조업; 탭, 밸브 및 유사 장치 제조 포함",31년 (1993년 설립),"625억 7,177만원",주식회사,"4,049만원",www.essentech.co.kr,1개,26명,126명,53명/17명
국순당,발효주 제조업,41년 (1983년 설립),"617억 4,132만원",주식회사,"5,182만원",www.ksdb.co.kr,1개,251명,254명,20명/21명
엘컴텍,공학 연구개발업,21년 (2003년 설립),-,기타 법인,"3,766만원",-,1개,6명,9명,5명/5명
이오테크닉스,가공 공작기계 제조업,31년 (1993년 설립),"3,564억 1,761만원",주식회사,"6,581만원",www.eotechnics.com,1개,642명,612명,96명/74명
상상인,전기 공사업,35년 (1989년 설립),"608억 9,926만원",주식회사,"5,600만원",www.sangsanginworld.co.kr,1개,1명,227명,27명/47명
서울제약,완제 의약품 제조업,39년 (1985년 설립),"500억 5,700만원",주식회사,"5,512만원",www.seoulpharma.com,1개,180명,168명,35명/30명
나노엔텍,기억 장치 및 주변 기기 제조업,37년 (1987년 설립),"342억 3,444만원",주식회사,"4,917만원",www.nanoentek.com,1개,136명,138명,26명/26명
오공,게임 소프트웨어 개발 및 공급업,16년 (2008년 설립),-,주식회사,"3,772만원",-,1개,48명,21명,30명/2명
솔고바이오,기타 의료용 기기 제조업,29년 (1995년 설립),164억 353만원,주식회사,"4,588만원",www.solco.co.kr,1개,102명,87명,5명/0명
비츠로테크,전기 공급 및 제어장치 제조업,56년 (1968년 설립),-,주식회사,"5,288만원",www.vitzrotech.com,1개,32명,25명,8명/1명
코아시아,엔지니어링 서비스업,15년 (2009년 설립),"120억 2,625만원",기타 법인,"5,406만원",http://www.coasianexell.com/,1개,81명,90명,34명/24명
정상제이엘에스,그 외 기타 교육기관,31년 (1993년 설립),"1,011억 2,965만원",주식회사,"4,427만원",www.gojls.com,1개,605명,519명,207명/157명
진양제약,완제 의약품 제조업,46년 (1978년 설립),"762억 6,420만원",주식회사,"5,130만원",www.jinyangpharm.co.kr,1개,216명,203명,33명/34명
지니뮤직,그 외 기타 정보 서비스업,33년 (1991년 설립),"2,439억 5,369만원",주식회사,"6,509만원",www.geniemusic.co.kr,1개,250명,235명,40명/22명
진성티이씨,"금속 열처리, 도금 및 기타 금속 가공업",9년 (2015년 설립),-,기타 법인,"4,732만원",-,1개,7명,7명,0명/1명
현대에이치티,방송 및 무선 통신장비 제조업,26년 (1998년 설립),"1,049억 4,224만원",주식회사,"5,153만원",www.hyundaiht.co.kr,2개,207명,200명,21명/26명
삼아제약,완제 의약품 제조업,51년 (1973년 설립),"546억 6,637만원",주식회사,"6,263만원",www.samapharm.co.kr,1개,308명,295명,64명/68명
파루,기계장비 조립용 플라스틱제품 제조업,29년 (1995년 설립),"431억 2,258만원",주식회사,"4,401만원",www.paru.co.kr,2개,36명,32명,14명/20명
에스씨디,상품 종합 도매업,8년 (2016년 설립),-,주식회사,"3,864만원",-,1개,6명,10명,3명/6명
한국정보공학,시스템ㆍ응용 소프트웨어 개발 및 공급업,34년 (1990년 설립),"1,580억 1,650만원",주식회사,"5,882만원",www.kies.co.kr,1개,50명,56명,13명/16명
디오,포털 및 기타 인터넷 정보 매개 서비스업,4년 (2020년 설립),"1,594만원",주식회사,"3,034만원",-,1개,59명,91명,54명/81명
네오위즈홀딩스,경영 컨설팅 및 공공 관계 서비스업,27년 (1997년 설립),-,주식회사,"4,714만원",www.neowiz.com,1개,6명,13명,1명/1명
다산네트웍스,통신 공사업,31년 (1993년 설립),"321억 1,905만원",주식회사,"4,640만원",www.dasannetworks.com,1개,1명,39명,7명/10명
바이오스마트,회사본부,39년 (1985년 설립),"690억 4,392만원",주식회사,"5,284만원",www.bio-smart.com,1개,20명,152명,27명/26명
우리기술,-,6년 (2018년 설립),-,기타 법인,"4,355만원",-,2개,4명,5명,3명/5명
세중,여행사업,29년 (1995년 설립),"724억 1,439만원",주식회사,"4,656만원",www.sejoong.com,1개,107명,98명,46명/40명
우리기술투자,신탁업 및 집합 투자업,28년 (1996년 설립),-,주식회사,"7,909만원",www.wooricapital.co.kr,1개,11명,12명,0명/2명
